dataset,null,bootstrap,cov,d_a,d_lnNstar_ref,d_gamma,d_Lstar_ref,W_slope,p_slope_chi2,p_slope_boot,W_path,p_path_chi2,p_path_boot,W_frontier,p_frontier_chi2,p_frontier_boot,W_all,p_all_chi2,p_all_boot,B,se_a_ols,sd_a3_strat,rse_a3_strat,t_a_ols_plus_a3,p_a_ols_plus_a3
Chinchilla n=240,"A3 (this fit), analytic",stratified pairs,robust,-0.016153801835302073,0.06161661340424729,-0.010326568623951954,-0.00511557053683509,0.6473833823709573,0.4210497449402443,0.43853820598006643,6.844164318316793,0.03264439330435671,0.053156146179401995,16.74584149967674,0.00023103975796757685,0.006644518272425249,21.51461741631222,0.0002503041841256577,0.016611295681063124,300,0.0252348838870894,0.017738580724268607,0.017852060334212282,-0.5225892182882245,0.601260145070643
Chinchilla n=240,"A3 (this fit), analytic",stratified pairs,sd,-0.016153801835302073,0.06161661340424729,-0.010326568623951954,-0.00511557053683509,0.44516025500619694,0.5046422780434305,0.43853820598006643,6.8313712840355585,0.03285387298160066,0.046511627906976744,18.776877459811182,8.368601076132363e-05,0.0033222591362126247,22.976185573001217,0.00012802088116318643,0.013289036544850499,300,0.0252348838870894,0.017738580724268607,0.017852060334212282,-0.5225892182882245,0.601260145070643
Chinchilla n=240,"A3 (this fit), design-consistent",stratified pairs,robust,-0.017422622902690643,0.02959387892770593,-0.008783649809328387,-0.005695456479791083,0.6376135628421613,0.4245762840197823,0.44518272425249167,2.869649310398904,0.23815711996643518,0.23255813953488372,20.68013406584588,3.231215660954205e-05,0.006644518272425249,23.75279052848617,8.952439020730041e-05,0.026578073089700997,300,0.0252348838870894,0.019862309914315892,0.01895576866240682,-0.5520235316613826,0.5809322310742338
Chinchilla n=240,"A3 (this fit), design-consistent",stratified pairs,sd,-0.017422622902690643,0.02959387892770593,-0.008783649809328387,-0.005695456479791083,0.4971415929558843,0.4807587811695443,0.44518272425249167,2.0700301543710204,0.3552210251512833,0.24916943521594684,21.261981167679096,2.4155690266001396e-05,0.006644518272425249,23.661586876512104,9.336953729195197e-05,0.016611295681063124,300,0.0252348838870894,0.019862309914315892,0.01895576866240682,-0.5520235316613826,0.5809322310742338
Chinchilla n=240,"Hoffmann (fixed), analytic",stratified pairs,robust,0.04124835861184062,0.15668970187217113,0.013312225489368529,-0.00642544516030652,9.811566977319314,0.0017341768505165884,0.036544850498338874,53.50012280450111,2.4132145904770022e-12,0.009966777408637873,7.670202916886993,0.021599146943173553,0.036544850498338874,65.24442504840479,2.2854904043661196e-13,0.009966777408637873,300,,,,,
Chinchilla n=240,"Hoffmann (fixed), analytic",stratified pairs,sd,0.04124835861184062,0.15668970187217113,0.013312225489368529,-0.00642544516030652,4.176459271373015,0.040989249870302946,0.036544850498338874,38.173185903598664,5.138046172635787e-09,0.009966777408637873,8.664629728379062,0.013137101658509204,0.023255813953488372,43.64662404127741,7.596869746292713e-09,0.009966777408637873,300,,,,,
Chinchilla n=240,"Hoffmann (fixed), design",stratified pairs,robust,0.04168070840283705,0.11323721382265717,0.015071722886342759,-0.007655983398878519,6.381150408601523,0.011533864770718405,0.05647840531561462,15.599932425739578,0.0004097488229827471,0.059800664451827246,14.422256195986431,0.0007383237839098389,0.016611295681063124,33.08973379484661,1.1450005108846971e-06,0.036544850498338874,300,,,,,
Chinchilla n=240,"Hoffmann (fixed), design",stratified pairs,sd,0.04168070840283705,0.11323721382265717,0.015071722886342759,-0.007655983398878519,1.4781825229660268,0.22405910007836255,0.05647840531561462,3.6245169645570914,0.1632849438996687,0.059800664451827246,6.489896326348726,0.03897058441631744,0.036544850498338874,18.903033417724078,0.0008211788719787911,0.029900332225913623,300,,,,,
Chinchilla n=240,"Besiroglu (fixed), analytic",stratified pairs,robust,-0.014866392818560004,0.06332215930092744,-0.010130362321383896,-0.006418368653009043,1.274489430541303,0.25892615231905863,0.2558139534883721,13.530552437146069,0.0011531289346564202,0.026578073089700997,31.96081933286723,1.1476151247786851e-07,0.0033222591362126247,39.20242330947584,6.326954390761709e-08,0.013289036544850499,300,,,,,
Chinchilla n=240,"Besiroglu (fixed), analytic",stratified pairs,sd,-0.014866392818560004,0.06332215930092744,-0.010130362321383896,-0.006418368653009043,0.5425079613435442,0.46139520049827976,0.2558139534883721,13.00604355816365,0.0014989029890282684,0.016611295681063124,35.02711466841808,2.4771864241428095e-08,0.0033222591362126247,41.8566511554903,1.786278441642073e-08,0.009966777408637873,300,,,,,
Chinchilla n=240,"Besiroglu (fixed), design",stratified pairs,robust,-0.01612625033008558,0.031056571296975477,-0.008585522103575743,-0.007010579289216334,1.5755962996857953,0.20939615301529466,0.22591362126245848,4.27031934416729,0.11822571152376322,0.1760797342192691,42.52299811468117,5.837787501647946e-10,0.0033222591362126247,48.65420774269151,6.89379809193033e-10,0.016611295681063124,300,,,,,
Chinchilla n=240,"Besiroglu (fixed), design",stratified pairs,sd,-0.01612625033008558,0.031056571296975477,-0.008585522103575743,-0.007010579289216334,0.6069990322851808,0.4359199700827888,0.22591362126245848,2.5987588332270652,0.27270097422714296,0.15614617940199335,41.36097074229447,1.0437087399337485e-09,0.0033222591362126247,44.76904446969067,4.4407263822076704e-09,0.016611295681063124,300,,,,,
Chinchilla n=240,"A3 (this fit), analytic","wild, fixed design",robust,-0.016153801835302073,0.06161661340424729,-0.010326568623951954,-0.00511557053683509,0.3566429023640802,0.5503766189296195,0.6932668329177057,5.289810140381785,0.07101209458426155,0.3566084788029925,17.227636131506372,0.0001815793035090243,0.48877805486284287,18.316365116059252,0.0010702071897591427,0.571072319201995,400,,,,,
Chinchilla n=240,"A3 (this fit), analytic","wild, fixed design",sd,-0.016153801835302073,0.06161661340424729,-0.010326568623951954,-0.00511557053683509,0.02822147552129883,0.8665891899802596,0.6932668329177057,4.055352326248997,0.1316410783706651,0.2593516209476309,16.479958090069633,0.00026388977919791545,0.486284289276808,17.995325374863395,0.001236696765047306,0.4763092269326683,400,,,,,
Chinchilla n=240,"A3 (this fit), design-consistent","wild, fixed design",robust,-0.017422622902690643,0.02959387892770593,-0.008783649809328387,-0.005695456479791083,0.41063358231407965,0.5216480990810752,0.6708229426433915,2.069259032430005,0.3553580109209715,0.6982543640897756,18.189729600324963,0.0001122407095843746,0.4139650872817955,18.625443926772057,0.00093091397254825,0.5336658354114713,400,,,,,
Chinchilla n=240,"A3 (this fit), design-consistent","wild, fixed design",sd,-0.017422622902690643,0.02959387892770593,-0.008783649809328387,-0.005695456479791083,0.032815322680555474,0.8562498390304981,0.6708229426433915,1.5475793724665663,0.4612617146967971,0.6059850374064838,17.590695557790976,0.00015143595239117138,0.4089775561097257,17.872121041846384,0.00130717114934655,0.47880299251870323,400,,,,,
Chinchilla n=240,"Hoffmann (fixed), analytic","wild, fixed design",robust,0.04124835861184062,0.15668970187217113,0.013312225489368529,-0.00642544516030652,2.355564328984942,0.12483670194048853,0.2593516209476309,15.591811559477597,0.0004114159630438121,0.05486284289276808,7.521775839420766,0.02326307545863762,0.8478802992518704,19.379420798945066,0.00066187835969775,0.4164588528678304,400,,,,,
Chinchilla n=240,"Hoffmann (fixed), analytic","wild, fixed design",sd,0.04124835861184062,0.15668970187217113,0.013312225489368529,-0.00642544516030652,0.18597389168499784,0.6662888530993472,0.2593516209476309,7.851998442077903,0.01972241996539114,0.0798004987531172,6.867729753687174,0.03226201081044808,0.8503740648379052,12.684320068130987,0.012925838942784517,0.6384039900249376,400,,,,,
Chinchilla n=240,"Hoffmann (fixed), design","wild, fixed design",robust,0.04168070840283705,0.11323721382265717,0.015071722886342759,-0.007655983398878519,2.4052034015776145,0.12093240489466357,0.256857855361596,7.89731150823393,0.019280602233369394,0.20947630922693267,10.805851770905516,0.004503385258080985,0.6957605985037406,15.903802712894615,0.00315100003637826,0.5685785536159601,400,,,,,
Chinchilla n=240,"Hoffmann (fixed), design","wild, fixed design",sd,0.04168070840283705,0.11323721382265717,0.015071722886342759,-0.007655983398878519,0.18989294046498653,0.663005737163156,0.256857855361596,3.013711298770036,0.22160568959187524,0.3765586034912718,9.891002918858346,0.007115345712097985,0.7007481296758105,11.480264747631248,0.021665095645509575,0.7082294264339152,400,,,,,
Chinchilla n=240,"Besiroglu (fixed), analytic","wild, fixed design",robust,-0.014866392818560004,0.06332215930092744,-0.010130362321383896,-0.006418368653009043,0.3059798549193272,0.5801576486574894,0.7032418952618454,5.275725847891146,0.0715139370897295,0.40648379052369077,20.529237239054122,3.4844382675654254e-05,0.19451371571072318,22.165082332322896,0.00018581116640348504,0.2817955112219451,400,,,,,
Chinchilla n=240,"Besiroglu (fixed), analytic","wild, fixed design",sd,-0.014866392818560004,0.06332215930092744,-0.010130362321383896,-0.006418368653009043,0.024157380758554555,0.8764851349759708,0.7032418952618454,3.906554133913728,0.14180859304644125,0.28428927680798005,19.133280851406457,7.002624723442626e-05,0.19451371571072318,21.27929329858063,0.00027874043099785983,0.20947630922693267,400,,,,,
Chinchilla n=240,"Besiroglu (fixed), design","wild, fixed design",robust,-0.01612625033008558,0.031056571296975477,-0.008585522103575743,-0.007010579289216334,0.3600380662402365,0.548485095247182,0.6708229426433915,2.065697126708332,0.3559914506828922,0.7456359102244389,21.92733597952528,1.7319665122203853e-05,0.14962593516209477,22.19252157012065,0.00018348742778609352,0.2817955112219451,400,,,,,
Chinchilla n=240,"Besiroglu (fixed), design","wild, fixed design",sd,-0.01612625033008558,0.031056571296975477,-0.008585522103575743,-0.007010579289216334,0.028425324458148497,0.8661127631707756,0.6708229426433915,1.480258964883234,0.47705214164572585,0.628428927680798,20.464280465203828,3.599465032615063e-05,0.14713216957605985,21.293636782991268,0.00027691904571584206,0.20947630922693267,400,,,,,
Chinchilla n=245,"A3 (this fit), analytic",stratified pairs,robust,-0.0792796004986197,0.050688903016094855,-0.042853959824463994,-0.004055802878070391,4.684688748463804,0.030432576417199576,0.046822742474916385,15.94613113212861,0.000344620906760173,0.023411371237458192,13.99298503145746,0.0009150859929590361,0.010033444816053512,27.217068127988213,1.7967819940902714e-05,0.020066889632107024,298,0.0271499756477868,0.03228523879783236,0.03464294748225822,-1.801225385839933,0.07166736269391154
Chinchilla n=245,"A3 (this fit), analytic",stratified pairs,sd,-0.0792796004986197,0.050688903016094855,-0.042853959824463994,-0.004055802878070391,1.6357568163639291,0.20090864536140987,0.046822742474916385,9.358493356798485,0.009286006602210583,0.023411371237458192,12.715448273539103,0.0017333069960418375,0.010033444816053512,19.349580722577016,0.0006708899518328463,0.016722408026755852,298,0.0271499756477868,0.03228523879783236,0.03464294748225822,-1.801225385839933,0.07166736269391154
Chinchilla n=245,"A3 (this fit), design-consistent",stratified pairs,robust,-0.07548561102236906,0.02342249611431768,-0.04049677422641504,-0.004031363774854579,5.35063493705111,0.020714725966177603,0.05351170568561873,11.590980077281047,0.0030412397364859454,0.05351170568561873,16.80015746800463,0.00022484962017138858,0.010033444816053512,24.80442362079889,5.5076245187670954e-05,0.033444816053511704,298,0.0271499756477868,0.04514154992842301,0.02973099102340323,-1.8748458553417704,0.060813932669193216
Chinchilla n=245,"A3 (this fit), design-consistent",stratified pairs,sd,-0.07548561102236906,0.02342249611431768,-0.04049677422641504,-0.004031363774854579,1.2415845403695687,0.2651658926557855,0.05351170568561873,1.3322363800960708,0.5136987935568702,0.0802675585284281,13.085992804503144,0.001440166708574592,0.010033444816053512,13.568379890929155,0.008807997187793314,0.013377926421404682,298,0.0271499756477868,0.04514154992842301,0.02973099102340323,-1.8748458553417704,0.060813932669193216
Chinchilla n=245,"Hoffmann (fixed), analytic",stratified pairs,robust,0.028867417102568738,0.17696373392053744,-0.0004603020858049145,-0.010778173387937517,4.308885220997998,0.03791379895413078,0.10033444816053512,61.66422572889029,4.071772618633915e-14,0.030100334448160536,12.681055420576643,0.0017633714420088528,0.020066889632107024,72.32739309439906,7.318550090033392e-15,0.033444816053511704,298,,,,,
Chinchilla n=245,"Hoffmann (fixed), analytic",stratified pairs,sd,0.028867417102568738,0.17696373392053744,-0.0004603020858049145,-0.010778173387937517,0.2904352110695161,0.5899417717183242,0.10033444816053512,20.12042598660939,4.274693789625528e-05,0.013377926421404682,14.055029322521056,0.0008871338711689148,0.013377926421404682,34.043279359630034,7.301130589267554e-07,0.016722408026755852,298,,,,,
Chinchilla n=245,"Hoffmann (fixed), design",stratified pairs,robust,0.027399130133609284,0.1371084051201521,0.0006961584209402849,-0.012177197532472928,2.0220748887925946,0.15502718097444915,0.2040133779264214,20.25533185903631,3.995862838318476e-05,0.07023411371237458,15.767950242106044,0.0003767325189812687,0.030100334448160536,35.76645111444801,3.2321387992565135e-07,0.06354515050167224,298,,,,,
Chinchilla n=245,"Hoffmann (fixed), design",stratified pairs,sd,0.027399130133609284,0.1371084051201521,0.0006961584209402849,-0.012177197532472928,0.017221786600816264,0.8955919368944011,0.2040133779264214,3.0411543793463363,0.21858568513436347,0.06688963210702341,16.237291679954314,0.0002979318347788758,0.020066889632107024,21.125732721538913,0.0002989998240075886,0.026755852842809364,298,,,,,
Chinchilla n=245,"Besiroglu (fixed), analytic",stratified pairs,robust,-0.027247334327831885,0.08822520614137375,-0.02390288989655734,-0.010642550899050196,3.838814372835454,0.05007892175340556,0.11705685618729098,20.336641168048125,3.8366702995331766e-05,0.04013377926421405,18.159296179389376,0.0001139617046993506,0.010033444816053512,33.14380840356654,1.1161749652025564e-06,0.03678929765886288,298,,,,,
Chinchilla n=245,"Besiroglu (fixed), analytic",stratified pairs,sd,-0.027247334327831885,0.08822520614137375,-0.02390288989655734,-0.010642550899050196,0.2587506525348857,0.6109797752018116,0.11705685618729098,10.356459260792432,0.005637978890769891,0.020066889632107024,18.497787359055007,9.62180411890995e-05,0.010033444816053512,27.181188393390045,1.8270604361192354e-05,0.016722408026755852,298,,,,,
Chinchilla n=245,"Besiroglu (fixed), design",stratified pairs,robust,-0.02783516860724955,0.05477477668201303,-0.022518869440068978,-0.011271447745982321,3.557554041562706,0.05927502199038375,0.13712374581939799,9.517087447813772,0.008578092376812665,0.10702341137123746,20.429691581888083,3.6622571831384994e-05,0.016722408026755852,25.556526075183307,3.887454741958032e-05,0.06020066889632107,298,,,,,
Chinchilla n=245,"Besiroglu (fixed), design",stratified pairs,sd,-0.02783516860724955,0.05477477668201303,-0.022518869440068978,-0.011271447745982321,0.08587842988996118,0.7694837678186841,0.13712374581939799,0.16530372388818942,0.9206716122590692,0.21070234113712374,8.133492082810037,0.017133048130541517,0.016722408026755852,16.7709743646375,0.0021413418732462277,0.020066889632107024,298,,,,,
Chinchilla n=245,"A3 (this fit), analytic","wild, fixed design",robust,-0.0792796004986197,0.050688903016094855,-0.042853959824463994,-0.004055802878070391,0.14919849253394676,0.6993024871306379,0.5667506297229219,0.15382984728224647,0.9259686282948455,0.7355163727959698,4.875438580246933,0.08735986693877228,0.3022670025188917,8.399452479260052,0.07799424308230533,0.3198992443324937,396,,,,,
Chinchilla n=245,"A3 (this fit), analytic","wild, fixed design",sd,-0.0792796004986197,0.050688903016094855,-0.042853959824463994,-0.004055802878070391,0.0287168644022132,0.8654344316478351,0.5667506297229219,0.036451233816897556,0.9819394652181677,0.7808564231738035,2.0517037784096774,0.35849094072540355,0.2594458438287154,5.622981490897998,0.22912894367763093,0.34005037783375314,396,,,,,
Chinchilla n=245,"A3 (this fit), design-consistent","wild, fixed design",robust,-0.07548561102236906,0.02342249611431768,-0.04049677422641504,-0.004031363774854579,0.13996353198407133,0.7083172691192676,0.5818639798488665,0.17507562193377857,0.916184229184395,0.72544080604534,4.4345486903784135,0.10890554357079564,0.34005037783375314,7.737371369936526,0.10168640481338904,0.3677581863979849,396,,,,,
Chinchilla n=245,"A3 (this fit), design-consistent","wild, fixed design",sd,-0.07548561102236906,0.02342249611431768,-0.04049677422641504,-0.004031363774854579,0.026137463772467725,0.8715650607626094,0.5818639798488665,0.04692103446672681,0.9768125411690934,0.7481108312342569,1.8134763024869005,0.4038393408633466,0.2947103274559194,4.999067791361624,0.2873931589902598,0.41309823677581864,396,,,,,
Chinchilla n=245,"Hoffmann (fixed), analytic","wild, fixed design",robust,0.028867417102568738,0.17696373392053744,-0.0004603020858049145,-0.010778173387937517,0.02657241963138776,0.8705101758504792,0.9445843828715366,0.9134688859931349,0.6333485078645797,0.43073047858942065,5.41112466051649,0.06683273121084511,0.28211586901763225,8.479017643838672,0.0755257920691591,0.3879093198992443,396,,,,,
Chinchilla n=245,"Hoffmann (fixed), analytic","wild, fixed design",sd,0.028867417102568738,0.17696373392053744,-0.0004603020858049145,-0.010778173387937517,0.0039555084112092315,0.9498518421849016,0.9445843828715366,0.2463827564842746,0.8840944499278187,0.37531486146095716,0.39900197767142837,0.8191394108182192,0.7783375314861462,2.920686926918525,0.5711847857127352,0.6675062972292192,396,,,,,
Chinchilla n=245,"Hoffmann (fixed), design","wild, fixed design",robust,0.027399130133609284,0.1371084051201521,0.0006961584209402849,-0.012177197532472928,0.023938051537978806,0.8770426401402391,0.947103274559194,0.5888022068628092,0.7449776184287284,0.5743073047858942,6.977807972041914,0.030534319879719943,0.21662468513853905,9.750572681527592,0.044845521834896714,0.3198992443324937,396,,,,,
Chinchilla n=245,"Hoffmann (fixed), design","wild, fixed design",sd,0.027399130133609284,0.1371084051201521,0.0006961584209402849,-0.012177197532472928,0.0035633625209873358,0.9523994246721788,0.947103274559194,0.15942733601942974,0.9233807019722858,0.44080604534005036,0.5550096800584768,0.757671897439963,0.6876574307304786,2.92522926849621,0.5704150705055998,0.6675062972292192,396,,,,,
Chinchilla n=245,"Besiroglu (fixed), analytic","wild, fixed design",robust,-0.027247334327831885,0.08822520614137375,-0.02390288989655734,-0.010642550899050196,0.023673544587562757,0.8777184711587644,0.947103274559194,0.10670576101469484,0.9480454067037359,0.889168765743073,5.763492393569607,0.056036826025113326,0.2619647355163728,10.241225875511095,0.03655451053981694,0.30730478589420657,396,,,,,
Chinchilla n=245,"Besiroglu (fixed), analytic","wild, fixed design",sd,-0.027247334327831885,0.08822520614137375,-0.02390288989655734,-0.010642550899050196,0.0035239886332605994,0.9526628294005977,0.947103274559194,0.021829399690279108,0.9891446493686757,0.9042821158690176,0.3445479568951659,0.8417485206200944,0.801007556675063,5.31299740472601,0.256662663027278,0.4534005037783375,396,,,,,
Chinchilla n=245,"Besiroglu (fixed), design","wild, fixed design",robust,-0.02783516860724955,0.05477477668201303,-0.022518869440068978,-0.011271447745982321,0.0247060297566323,0.875101793348497,0.9445843828715366,0.04195754313907313,0.9792397520717997,0.964735516372796,6.2230232351630255,0.04453358668268159,0.24685138539042822,10.367845072287958,0.034666906459422046,0.3047858942065491,396,,,,,
Chinchilla n=245,"Besiroglu (fixed), design","wild, fixed design",sd,-0.02783516860724955,0.05477477668201303,-0.022518869440068978,-0.011271447745982321,0.0036776819674528395,0.951642814898055,0.9445843828715366,0.00671481401787987,0.9966482227797122,0.9672544080604534,0.31428378157058146,0.8545827927910575,0.8136020151133502,4.8782477450919615,0.3000197054011431,0.49370277078085645,396,,,,,
Meta Llama 3 IsoFLOPs,"A3 (this fit), analytic",stratified pairs,robust,-0.06359857775779493,-0.004509874096282118,-0.012935298994981137,-0.000863898143989017,5.516297325549423,0.018840095006965096,0.03980099502487562,16.014174973028304,0.00033309344673850157,0.014925373134328358,28.294264606618,7.177587671087028e-07,0.03482587064676617,56.55396996436797,1.5345738995307488e-11,0.004975124378109453,200,0.0181941451850458,0.023824043151862165,0.023356522472290243,-2.148117586415007,0.03170441548338314
Meta Llama 3 IsoFLOPs,"A3 (this fit), analytic",stratified pairs,sd,-0.06359857775779493,-0.004509874096282118,-0.012935298994981137,-0.000863898143989017,5.520731445413091,0.018792399621596192,0.03980099502487562,17.312266714781433,0.0001740560198524206,0.009950248756218905,20.323385242350565,3.862184066489914e-05,0.014925373134328358,46.05169714108051,2.402590525719905e-09,0.004975124378109453,200,0.0181941451850458,0.023824043151862165,0.023356522472290243,-2.148117586415007,0.03170441548338314
Meta Llama 3 IsoFLOPs,"A3 (this fit), design-consistent",stratified pairs,robust,-0.06321961658111647,-0.002647804170173629,-0.013039710871292798,-0.0008323916587287261,5.491946634226475,0.01910426066461484,0.04975124378109453,16.86120897215455,0.00021808961839907148,0.014925373134328358,28.200519566937842,7.522028639627629e-07,0.03482587064676617,56.98157794654189,1.2482281004697667e-11,0.004975124378109453,200,0.0181941451850458,0.02404240942755261,0.023773498737289518,-2.1117762190743816,0.034705647957221676
Meta Llama 3 IsoFLOPs,"A3 (this fit), design-consistent",stratified pairs,sd,-0.06321961658111647,-0.002647804170173629,-0.013039710871292798,-0.0008323916587287261,5.388236262643448,0.020272951896695205,0.04975124378109453,17.7561937585388,0.0001394092258486437,0.009950248756218905,20.22430352190117,4.0583387054302353e-05,0.014925373134328358,46.15603123870329,2.285419113051441e-09,0.004975124378109453,200,0.0181941451850458,0.02404240942755261,0.023773498737289518,-2.1117762190743816,0.034705647957221676
Meta Llama 3 IsoFLOPs,"A3 (this fit), analytic","wild, fixed design",robust,-0.06359857775779493,-0.004509874096282118,-0.012935298994981137,-0.000863898143989017,0.7606028313701603,0.3831399339467422,0.6658354114713217,1.3175810297288455,0.517476836689624,0.7830423940149626,12.871071780570828,0.0016035491456960684,0.12468827930174564,20.02438181046332,0.0004938948182383235,0.32418952618453867,400,,,,,
Meta Llama 3 IsoFLOPs,"A3 (this fit), analytic","wild, fixed design",sd,-0.06359857775779493,-0.004509874096282118,-0.012935298994981137,-0.000863898143989017,0.01995635729576569,0.8876590406725882,0.6658354114713217,0.1060649103259025,0.9483492331539302,0.7830423940149626,1.146306552156355,0.5637449894613533,0.2942643391521197,23.227285413678537,0.00011405112740204952,0.13216957605985039,400,,,,,
Meta Llama 3 IsoFLOPs,"A3 (this fit), design-consistent","wild, fixed design",robust,-0.06321961658111647,-0.002647804170173629,-0.013039710871292798,-0.0008323916587287261,0.7553118696659411,0.38479965488991186,0.6633416458852868,1.3372862475323015,0.5124033742642119,0.7805486284289277,12.526063835939295,0.0019054598318749764,0.12967581047381546,19.595035792338965,0.0006002276170835295,0.33665835411471323,400,,,,,
Meta Llama 3 IsoFLOPs,"A3 (this fit), design-consistent","wild, fixed design",sd,-0.06321961658111647,-0.002647804170173629,-0.013039710871292798,-0.0008323916587287261,0.01971890758129898,0.8883249745075471,0.6633416458852868,0.11097769047351659,0.9460225762694383,0.7755610972568578,1.111136576079519,0.5737461154775735,0.30174563591022446,22.659880729297214,0.00014805749438099228,0.14463840399002495,400,,,,,
"Marin 2026-03, Comma","A3 (this fit), analytic",stratified pairs,robust,0.060425183062521814,0.0885230985025025,-0.17845059191905194,0.014937325338275187,3.0822291239114668,0.07915197480704929,0.208955223880597,6.7174337708965774,0.03477985686695073,0.21890547263681592,64.81924438733972,8.407752536578932e-15,0.06467661691542288,70.31675642177896,1.945894512960438e-14,0.06467661691542288,200,0.0134056213817965,0.026773988026490086,0.02640246131858616,2.040645395913835,0.0412860864885554
"Marin 2026-03, Comma","A3 (this fit), analytic",stratified pairs,sd,0.060425183062521814,0.0885230985025025,-0.17845059191905194,0.014937325338275187,0.0004620313154423195,0.9828508607976141,0.208955223880597,4.824592111527284,0.08960931021376214,0.15422885572139303,75.38935720168315,4.259994972248403e-17,0.004975124378109453,86.19967418934972,8.44142107006922e-18,0.004975124378109453,200,0.0134056213817965,0.026773988026490086,0.02640246131858616,2.040645395913835,0.0412860864885554
"Marin 2026-03, Comma","A3 (this fit), design-consistent",stratified pairs,robust,0.004734722145364523,0.046773237042970095,-0.14646002026468505,0.01548164076619507,0.023521422568752986,0.878108903463477,0.8109452736318408,2.202452005125874,0.33246323296044905,0.5174129353233831,71.95582029235237,2.3713308597266195e-16,0.06467661691542288,86.38179679707784,7.722607952328812e-18,0.06467661691542288,200,0.0134056213817965,0.02433192448979326,0.02495109323239542,0.16716095117489513,0.8672434085010874
"Marin 2026-03, Comma","A3 (this fit), design-consistent",stratified pairs,sd,0.004734722145364523,0.046773237042970095,-0.14646002026468505,0.01548164076619507,2.835994622143909e-06,0.9986563301953095,0.8109452736318408,1.4410730149329978,0.4864911797812359,0.3681592039800995,78.50329685055726,8.978952690451712e-18,0.004975124378109453,112.36242651340567,2.2806700629067332e-23,0.004975124378109453,200,0.0134056213817965,0.02433192448979326,0.02495109323239542,0.16716095117489513,0.8672434085010874
"Marin 2026-03, Comma","A3 (this fit), analytic","wild, fixed design",robust,0.060425183062521814,0.0885230985025025,-0.17845059191905194,0.014937325338275187,4.635945215178135,0.0313088933739224,0.1546134663341646,16.42734078138289,0.00027092449539284195,0.10723192019950124,11.632314905920119,0.002979030243828209,0.17955112219451372,34.871678218881144,4.93598915442156e-07,0.06234413965087282,400,,,,,
"Marin 2026-03, Comma","A3 (this fit), analytic","wild, fixed design",sd,0.060425183062521814,0.0885230985025025,-0.17845059191905194,0.014937325338275187,1.0761080856417056,0.2995698381464795,0.1546134663341646,14.879737906888948,0.0005873621642912439,0.04738154613466334,12.392050562735765,0.002037513104185439,0.17955112219451372,35.81078429441977,3.1649924936483634e-07,0.007481296758104738,400,,,,,
"Marin 2026-03, Comma","A3 (this fit), design-consistent","wild, fixed design",robust,0.004734722145364523,0.046773237042970095,-0.14646002026468505,0.01548164076619507,0.037952426862196464,0.8455386979626087,0.8428927680798005,5.765095746978757,0.055991920609308576,0.7381546134663342,8.446095567362468,0.014653914414488052,0.38902743142144636,13.02054252567002,0.011175854484218224,0.683291770573566,400,,,,,
"Marin 2026-03, Comma","A3 (this fit), design-consistent","wild, fixed design",sd,0.004734722145364523,0.046773237042970095,-0.14646002026468505,0.01548164076619507,0.006562646704347886,0.9354338692088663,0.8428927680798005,6.174337340644218,0.04563096799234364,0.6658354114713217,8.51394090578616,0.014165151464414952,0.4089775561097257,14.387547299307029,0.006155562743656357,0.6184538653366584,400,,,,,
"Marin 2026-03, DCLM","A3 (this fit), analytic",stratified pairs,robust,0.05240220073533913,0.07314371215613846,-0.17880023740565662,0.013714640287961544,1.7060984404792396,0.1914923613907549,0.2885572139303483,6.9603619564154755,0.03080183606720618,0.19402985074626866,59.48875632321743,1.2083164743919935e-13,0.014925373134328358,73.84419281168068,3.4980789622832065e-15,0.024875621890547265,200,0.0140929240305896,0.02042808952189871,0.019558129769350435,2.173764662106517,0.0297228136933095
"Marin 2026-03, DCLM","A3 (this fit), analytic",stratified pairs,sd,0.05240220073533913,0.07314371215613846,-0.17880023740565662,0.013714640287961544,1.0156801037797092,0.31354589683567724,0.2885572139303483,2.8875208754079797,0.23603847969230593,0.20398009950248755,37.59929005192468,6.8457006369631036e-09,0.014925373134328358,39.28071413114952,6.09562876579225e-08,0.014925373134328358,200,0.0140929240305896,0.02042808952189871,0.019558129769350435,2.173764662106517,0.0297228136933095
"Marin 2026-03, DCLM","A3 (this fit), design-consistent",stratified pairs,robust,0.0026799180837945302,0.034426607150521704,-0.14408991493954734,0.015660425370748854,0.007981792314961716,0.9288110087361179,0.9552238805970149,1.528271258590399,0.4657363258763263,0.5074626865671642,69.13666943452708,9.70874252319227e-16,0.01990049751243781,90.15388719781258,1.2212815534173685e-18,0.024875621890547265,200,0.0140929240305896,0.017568770260817237,0.014552689153560571,0.13228861291733554,0.8947560137934194
"Marin 2026-03, DCLM","A3 (this fit), design-consistent",stratified pairs,sd,0.0026799180837945302,0.034426607150521704,-0.14408991493954734,0.015660425370748854,0.0032919561676876354,0.9542460223163153,0.9552238805970149,0.40215208526626384,0.8178502377036148,0.5522388059701493,37.75603360118873,6.329675913537084e-09,0.014925373134328358,37.82989110534395,1.214849961792244e-07,0.014925373134328358,200,0.0140929240305896,0.017568770260817237,0.014552689153560571,0.13228861291733554,0.8947560137934194
"Marin 2026-03, DCLM","A3 (this fit), analytic","wild, fixed design",robust,0.05240220073533913,0.07314371215613846,-0.17880023740565662,0.013714640287961544,2.997136048819086,0.0834118455901394,0.14214463840399003,12.290318930150358,0.0021438339980041667,0.09476309226932668,12.831578260240471,0.0016355287537584454,0.11471321695760599,19.550045819377768,0.0006126038079662034,0.12219451371571072,400,,,,,
"Marin 2026-03, DCLM","A3 (this fit), analytic","wild, fixed design",sd,0.05240220073533913,0.07314371215613846,-0.17880023740565662,0.013714640287961544,0.4719715430633702,0.4920815620912421,0.14214463840399003,12.993726591957206,0.0015081624405823548,0.07231920199501247,9.974480494627393,0.006824472383722482,0.1745635910224439,21.557428961598504,0.00024544922969638487,0.10723192019950124,400,,,,,
"Marin 2026-03, DCLM","A3 (this fit), design-consistent","wild, fixed design",robust,0.0026799180837945302,0.034426607150521704,-0.14408991493954734,0.015660425370748854,0.008059646840093937,0.9284655892227124,0.9476309226932669,2.8199574817240975,0.2441484734843443,0.6932668329177057,7.15686083200762,0.027919485860283554,0.341645885286783,10.364521990965812,0.034715224770929025,0.7082294264339152,400,,,,,
"Marin 2026-03, DCLM","A3 (this fit), design-consistent","wild, fixed design",sd,0.0026799180837945302,0.034426607150521704,-0.14408991493954734,0.015660425370748854,0.001203594649748243,0.9723246530773949,0.9476309226932669,2.762980673239101,0.2512038955816638,0.5885286783042394,6.872406906831152,0.03218665177857922,0.33665835411471323,11.32755546382328,0.02311921518226187,0.655860349127182,400,,,,,
"Marin 2026-03, Nemotron-CC","A3 (this fit), analytic",stratified pairs,robust,0.037260555317533695,0.051203368285040796,-0.17151951992801714,0.015798860011369875,1.6810390781172315,0.1947864406831722,0.24875621890547264,3.71223726331515,0.156278027311529,0.31840796019900497,66.16754765803977,4.2844944591329325e-15,0.009950248756218905,74.73937066142204,2.2622474532872703e-15,0.014925373134328358,200,0.0136274719824842,0.020998629163788814,0.01665713199781695,1.7313307061942087,0.08339279780232664
"Marin 2026-03, Nemotron-CC","A3 (this fit), analytic",stratified pairs,sd,0.037260555317533695,0.051203368285040796,-0.17151951992801714,0.015798860011369875,1.2385836011385876,0.2657442031241803,0.24875621890547264,2.6038267287311454,0.27201083895914996,0.2835820895522388,52.67728975265796,3.641429191443214e-12,0.004975124378109453,55.941953329981054,2.062159804059207e-11,0.014925373134328358,200,0.0136274719824842,0.020998629163788814,0.01665713199781695,1.7313307061942087,0.08339279780232664
"Marin 2026-03, Nemotron-CC","A3 (this fit), design-consistent",stratified pairs,robust,-0.002836798791951922,0.03408835507282504,-0.13715509700885914,0.017563169919430077,0.013010630004960796,0.9091869419313724,0.9353233830845771,1.2518178235589268,0.5347751441297991,0.6019900497512438,80.12481832588551,3.991322026361087e-18,0.009950248756218905,117.32272318763926,1.9924504027883814e-24,0.014925373134328358,200,0.0136274719824842,0.01894836472309715,0.01695910172462825,-0.13039216830204745,0.8962561624822148
"Marin 2026-03, Nemotron-CC","A3 (this fit), design-consistent",stratified pairs,sd,-0.002836798791951922,0.03408835507282504,-0.13715509700885914,0.017563169919430077,0.009505685651289104,0.9223316324707542,0.9353233830845771,0.6476984510926389,0.7233592982612254,0.6368159203980099,48.26395960124867,3.308371989465787e-11,0.009950248756218905,53.97478076958305,5.327061130594811e-11,0.014925373134328358,200,0.0136274719824842,0.01894836472309715,0.01695910172462825,-0.13039216830204745,0.8962561624822148
"Marin 2026-03, Nemotron-CC","A3 (this fit), analytic","wild, fixed design",robust,0.037260555317533695,0.051203368285040796,-0.17151951992801714,0.015798860011369875,2.124010904538476,0.14500636200149525,0.2817955112219451,20.754819606092894,3.112778270352339e-05,0.06234413965087282,12.879899424899174,0.0015964869620122403,0.10224438902743142,31.961626360151662,1.947957617568742e-06,0.034912718204488775,400,,,,,
"Marin 2026-03, Nemotron-CC","A3 (this fit), analytic","wild, fixed design",sd,0.037260555317533695,0.051203368285040796,-0.17151951992801714,0.015798860011369875,0.7469072600699652,0.3874571805366973,0.2817955112219451,18.294958048756534,0.00010648791809385873,0.0199501246882793,17.297918231873723,0.00017530922980554223,0.059850374064837904,36.74429047925186,2.033557318827832e-07,0.004987531172069825,400,,,,,
"Marin 2026-03, Nemotron-CC","A3 (this fit), design-consistent","wild, fixed design",robust,-0.002836798791951922,0.03408835507282504,-0.13715509700885914,0.017563169919430077,0.012507616268035354,0.910952289264656,0.9152119700748129,6.832540225025915,0.0328346764726336,0.6733167082294265,7.355256687026296,0.025282866059745668,0.38902743142144636,14.054839820272873,0.00712207089263153,0.6109725685785536,400,,,,,
"Marin 2026-03, Nemotron-CC","A3 (this fit), design-consistent","wild, fixed design",sd,-0.002836798791951922,0.03408835507282504,-0.13715509700885914,0.017563169919430077,0.0041837206728981375,0.948427443697373,0.9152119700748129,6.104294452359969,0.04725734316679355,0.600997506234414,8.209984355762716,0.01649014782575028,0.36159600997506236,14.792279154861458,0.005152014110557439,0.5187032418952618,400,,,,,
(Mis)Fitting FineWeb/C4,"A3 (this fit), analytic",stratified pairs,robust,-0.018541338787434247,0.08692078143412729,-0.1615767709146528,0.008850640297553003,0.15611482009814692,0.6927589934019489,0.7213930348258707,5.054426872758426,0.07988130477499425,0.13432835820895522,4.5342222165816075,0.10361106930502902,0.21393034825870647,32.00610396042077,1.907610542385441e-06,0.03980099502487562,200,0.0171418701130104,0.016941268080159128,0.017017974695002894,-0.7676041990323328,0.4427223669904016
(Mis)Fitting FineWeb/C4,"A3 (this fit), analytic",stratified pairs,sd,-0.018541338787434247,0.08692078143412729,-0.1615767709146528,0.008850640297553003,0.07800865800004783,0.7800143755020454,0.7213930348258707,1.533809186690856,0.46444850252420067,0.22388059701492538,3.7581917648103875,0.15272812754085174,0.1890547263681592,22.17894666467659,0.00018463341654352829,0.029850746268656716,200,0.0171418701130104,0.016941268080159128,0.017017974695002894,-0.7676041990323328,0.4427223669904016
(Mis)Fitting FineWeb/C4,"A3 (this fit), design-consistent",stratified pairs,robust,0.01896078801495049,0.049528295924123,-0.19753398109552336,0.018275673178124396,0.163152438686834,0.686270572570946,0.6915422885572139,4.457034999615031,0.10768795927594146,0.14925373134328357,5.238263458535624,0.07286610287321557,0.16417910447761194,17.890311084457075,0.0012965219929556833,0.05970149253731343,200,0.0171418701130104,0.012333651777874604,0.012989136420765494,0.8816002398723192,0.37799302536664303
(Mis)Fitting FineWeb/C4,"A3 (this fit), design-consistent",stratified pairs,sd,0.01896078801495049,0.049528295924123,-0.19753398109552336,0.018275673178124396,0.08368774810491766,0.7723607285014641,0.6915422885572139,2.1685443685432446,0.33814780564679664,0.14427860696517414,5.462836339070545,0.06512686321209088,0.1044776119402985,13.519587878473597,0.008997233303609756,0.05970149253731343,200,0.0171418701130104,0.012333651777874604,0.012989136420765494,0.8816002398723192,0.37799302536664303
(Mis)Fitting FineWeb/C4,"A3 (this fit), analytic","wild, fixed design",robust,-0.018541338787434247,0.08692078143412729,-0.1615767709146528,0.008850640297553003,0.04339977164509668,0.8349743393946251,0.8653366583541147,0.9623745339424825,0.618049166669571,0.71571072319202,5.619310001367619,0.06022576665692763,0.5087281795511222,13.997605602119165,0.007302701575562068,0.3915211970074813,400,,,,,
(Mis)Fitting FineWeb/C4,"A3 (this fit), analytic","wild, fixed design",sd,-0.018541338787434247,0.08692078143412729,-0.1615767709146528,0.008850640297553003,0.03419778605294199,0.8532867371022552,0.8653366583541147,0.7713003989674775,0.68000835135449,0.7082294264339152,4.596371923103775,0.1004408821825427,0.5785536159600998,14.531637888797341,0.005778043593645556,0.3541147132169576,400,,,,,
(Mis)Fitting FineWeb/C4,"A3 (this fit), design-consistent","wild, fixed design",robust,0.01896078801495049,0.049528295924123,-0.19753398109552336,0.018275673178124396,0.05139921832500272,0.8206461735253268,0.8653366583541147,0.6598784132831291,0.7189674405486781,0.8379052369077307,6.171279796280549,0.045700780697104135,0.46384039900249374,11.52494809202076,0.021256655348551076,0.5187032418952618,400,,,,,
(Mis)Fitting FineWeb/C4,"A3 (this fit), design-consistent","wild, fixed design",sd,0.01896078801495049,0.049528295924123,-0.19753398109552336,0.018275673178124396,0.03651557726270523,0.8484546943488931,0.8653366583541147,0.4493244545084206,0.7987859813318026,0.8453865336658354,5.147915597828748,0.07623323176827511,0.48877805486284287,11.684029719835472,0.019862284406090322,0.5012468827930174,400,,,,,
