n,scheme,estimator,vs,param,diff,sd_diff,z,p,lo,hi,corr,B
240,pairs,lad_log,huber,alpha,0.0003643843194935936,0.0033071858030001323,0.11017957296594595,0.9122669620436249,-0.006426213171534349,0.006232869582127554,0.9793263326198832,400
240,pairs,lad_log,huber,beta,-0.0013543603908096058,0.00396318128708996,-0.34173566453329474,0.7325498297857529,-0.007649587518827567,0.007723150732086981,0.9825948154956313,400
240,pairs,lad_log,huber,a,-0.0011851724103797423,0.0037907953372130713,-0.31264478953671526,0.7545505455961433,-0.006865256051133247,0.007444050253484786,0.9821375117752182,400
240,pairs,lad_log,huber,gamma,-0.00022479775331180063,0.0011983655206269429,-0.18758696694994556,0.8512004437385197,-0.002398200934276856,0.002143287605463109,0.9785265522062576,400
240,pairs,lad_log,huber,sigma_star,0.00026880595108425,0.0013035021314548275,0.20621826738728688,0.8366204191958373,-0.0022999985841329006,0.0024988667697977756,0.9793364435501211,400
240,pairs,lad_log,huber,Mstar_1e+21,0.12476116444138441,0.7120954830196343,0.17520285890922357,0.8609202379947145,-1.3828649099026387,1.4599605966119422,0.9799978286839606,400
240,pairs,lad_log,huber,Mstar_5.76e+23,0.3781867135501642,1.5856834250031473,0.23850076729496847,0.8114927203056777,-3.286092527174904,3.5529099086202405,0.9782343055633274,400
240,pairs,lad_log,huber,w_chin70b,-0.007795176338427634,0.031074314161108983,-0.25085594159898394,0.8019254888793168,-0.05516818613339497,0.06849322264260807,0.9829239866216596,400
240,pairs,gauss_log,huber,alpha,0.012942299561630177,0.010043812357673555,1.2885843642570796,0.19754262209535522,-0.00445742734064405,0.035413564978053674,0.7709048819144059,400
240,pairs,gauss_log,huber,beta,0.03871092845504598,0.017783521173050057,2.176786479930097,0.02949650227227958,-0.004232299168497834,0.06326887844314724,0.711697200967327,400
240,pairs,gauss_log,huber,a,0.015880153137980635,0.013676927116276294,1.1610907189146589,0.2456050086763123,-0.016539231073639426,0.03485439988995802,0.7315617402486297,400
240,pairs,gauss_log,huber,gamma,0.012371911091488719,0.004874327586846412,2.5381780093883854,0.011143128966244597,0.0010125054186269835,0.019592382391162025,0.7298814881569334,400
240,pairs,gauss_log,huber,sigma_star,-0.013758363959525566,0.005375287990022222,-2.5595584804133793,0.010480522076092335,-0.020824358926359355,-0.0005407988932017089,0.727153989823901,400
240,pairs,gauss_log,huber,Mstar_1e+21,-0.5520390732337397,2.1623596189709127,-0.255294756889911,0.7984954492074658,-4.070143459338035,4.129683157033843,0.7811218277891219,400
240,pairs,gauss_log,huber,Mstar_5.76e+23,-3.654028543457043,4.945974480424176,-0.7387883940605506,0.46003550033980367,-12.35758740532565,6.275049102399268,0.7488352188053761,400
240,pairs,gauss_log,huber,w_chin70b,0.09847232977494502,0.11193143416405772,0.879755812211021,0.378991607114773,-0.18070551090498768,0.2723729836740802,0.7499145224990309,400
240,pairs,nls_lev,huber,alpha,0.0103045899198842,0.00984939787517829,1.0462152154349507,0.29546167954226144,-0.0059877561835748805,0.03213151063294979,0.7779959348091596,400
240,pairs,nls_lev,huber,beta,0.06044818790369566,0.01996759898033135,3.0273137978801974,0.002467376737924097,0.010410532650794911,0.08495976374232131,0.664752587650898,400
240,pairs,nls_lev,huber,a,0.030676609940483157,0.014514070834545654,2.1135772513572313,0.034551390517737854,-0.004103715379230216,0.04984313070912947,0.6977617651533212,400
240,pairs,nls_lev,huber,gamma,0.01626594235712861,0.005106576063022998,3.185293268205913,0.0014460738198114574,0.00336747553258928,0.022967772345227233,0.7021326374892997,400
240,pairs,nls_lev,huber,sigma_star,-0.018716490627234128,0.005801112288654722,-3.226362410504983,0.0012537449533778322,-0.02594954884918455,-0.0037430293073143412,0.6903352961561757,400
240,pairs,nls_lev,huber,Mstar_1e+21,-3.112718050282165,2.291294776009324,-1.3584974237594554,0.17430589949982522,-6.886107423012633,1.9008135712624683,0.7479660521357246,400
240,pairs,nls_lev,huber,Mstar_5.76e+23,-7.5532834832985305,5.3180598094286555,-1.4203081112226181,0.15551800079015388,-17.861248736615746,1.6552330692481023,0.7052261576961905,400
240,pairs,nls_lev,huber,w_chin70b,0.255023831414394,0.13146806881551001,1.9398157568760714,0.052402085012013155,-0.04566905944085514,0.45165263565932956,0.7120550093436271,400
240,cluster,lad_log,huber,alpha,0.0003643843194935936,0.0037505585514184376,0.09715468096232914,0.9226035570750348,-0.007147550629861159,0.007357250959384965,0.9883402306198493,400
240,cluster,lad_log,huber,beta,-0.0013543603908096058,0.005148849526792737,-0.2630413617181873,0.7925186992543769,-0.009663487865074077,0.008376046398504465,0.993734686174996,400
240,cluster,lad_log,huber,a,-0.0011851724103797423,0.004626061813514117,-0.25619467662915735,0.797800518932685,-0.008703292415575378,0.008543135740690445,0.9946331410894405,400
240,cluster,lad_log,huber,gamma,-0.00022479775331180063,0.00159970452761428,-0.14052454652175853,0.8882455595914162,-0.003002153266212962,0.002586455425690872,0.9872083468254297,400
240,cluster,lad_log,huber,sigma_star,0.00026880595108425,0.0016570859644324176,0.16221605689377797,0.8711357156934089,-0.0027396783170577,0.0032870805665142205,0.9870474515624749,400
240,cluster,lad_log,huber,Mstar_1e+21,0.12476116444138441,0.7830222377648501,0.15933284959762728,0.8734066411000262,-1.329977750665637,1.5848577604623482,0.9936844608105272,400
240,cluster,lad_log,huber,Mstar_5.76e+23,0.3781867135501642,5.603862302929403,0.06748679626772203,0.9461941731130332,-5.375270074063279,8.48197774765073,0.9898939567860222,400
240,cluster,lad_log,huber,w_chin70b,-0.007795176338427634,0.03903890641556668,-0.19967711839692628,0.8417331102548217,-0.07422165246609533,0.083214393115073,0.993387668623045,400
240,cluster,gauss_log,huber,alpha,0.012942299561630177,0.011879265910271355,1.0894864766382302,0.275939415203055,-0.005173547021303975,0.03976728389960929,0.8815380947395626,400
240,cluster,gauss_log,huber,beta,0.03871092845504598,0.019139939227035174,2.022520970200719,0.043122559428214365,-0.012283676752540032,0.058716625688635615,0.9398839670563351,400
240,cluster,gauss_log,huber,a,0.015880153137980635,0.013575633197539901,1.1697541401500406,0.24209992373569622,-0.019184464214052486,0.03009493800119648,0.9515367173699216,400
240,cluster,gauss_log,huber,gamma,0.012371911091488719,0.0061238383775090765,2.0202870044589747,0.043353626008111025,-0.0013903103655792234,0.021396938472122456,0.9318352495496133,400
240,cluster,gauss_log,huber,sigma_star,-0.013758363959525566,0.006443087764509359,-2.1353680816379916,0.032730955754456385,-0.021997702113915874,0.001196262672336364,0.9296666142388434,400
240,cluster,gauss_log,huber,Mstar_1e+21,-0.5520390732337397,2.1817332830422744,-0.2530277543659965,0.8002467660036967,-5.039967536280664,3.577680495416663,0.9488283092595843,400
240,cluster,gauss_log,huber,Mstar_5.76e+23,-3.654028543457043,10.847357759100932,-0.33685885766893914,0.7362233012916948,-27.82382957548303,9.766807881580135,0.9623813329232197,400
240,cluster,gauss_log,huber,w_chin70b,0.09847232977494502,0.11531053049187108,0.8539751690925307,0.39311874779667055,-0.19095293245267303,0.24428530122975725,0.9421231617870215,400
240,cluster,nls_lev,huber,alpha,0.0103045899198842,0.01288884566992668,0.7994967263769571,0.4240024440964725,-0.01123741304347382,0.04040829469196845,0.869680549021718,400
240,cluster,nls_lev,huber,beta,0.06044818790369566,0.020809114682992548,2.90488994003673,0.0036738226016532257,0.0028804150876123084,0.08035670522535511,0.9302255386718973,400
240,cluster,nls_lev,huber,a,0.030676609940483157,0.015110434359861705,2.030160696238511,0.04234020752978512,-0.008667337054887127,0.051308451849896936,0.9396484908021028,400
240,cluster,nls_lev,huber,gamma,0.01626594235712861,0.0062395890176512045,2.606893228242085,0.009136784598827096,0.0026754377591691335,0.024915465080278212,0.9180384152095173,400
240,cluster,nls_lev,huber,sigma_star,-0.018716490627234128,0.006761022808464684,-2.768292780169504,0.005635080772774651,-0.026491280394281683,-0.002599010999335599,0.9163284877221761,400
240,cluster,nls_lev,huber,Mstar_1e+21,-3.112718050282165,2.615673824199954,-1.1900253087688561,0.2340364448122495,-9.161765606612546,2.0466229228971358,0.925502262558034,400
240,cluster,nls_lev,huber,Mstar_5.76e+23,-7.5532834832985305,13.27788507213795,-0.5688619416617929,0.5694498348435351,-45.67599089954345,2.3849320850072395,0.9445972821589397,400
240,cluster,nls_lev,huber,w_chin70b,0.255023831414394,0.13692835524677416,1.8624618031435969,0.06253802467028076,-0.059566603759984973,0.4232816340027838,0.9385139461588061,400
245,pairs,lad_log,huber,alpha,-0.003988563986554894,0.003823270366701424,-1.0432335681235327,0.29684013010905097,-0.00857163437049723,0.006563075415826427,0.9787631712458041,400
245,pairs,lad_log,huber,beta,-0.0012119389426255012,0.005092178386596504,-0.23800009556136809,0.8118810200846209,-0.009983441943264995,0.011062842476904176,0.9956291512296861,400
245,pairs,lad_log,huber,a,0.0021632948468173208,0.004176505424738787,0.5179676851377777,0.6044808158854652,-0.007432934709709155,0.008323221319810403,0.9922971648276034,400
245,pairs,lad_log,huber,gamma,-0.001505081868366176,0.0014814424823332486,-1.0159570056312248,0.30964986087381563,-0.0028965552135164396,0.0026998188486573407,0.9911473172392438,400
245,pairs,lad_log,huber,sigma_star,0.0013268856707614463,0.001525868585113663,0.8695936751739375,0.38452249544557726,-0.0032030925573329843,0.002921482606780789,0.9941086824560316,400
245,pairs,lad_log,huber,Mstar_1e+21,-0.25093759801963955,0.5575491202747086,-0.4500726283919177,0.6526580724446056,-1.1409637897400469,1.1133209251848681,0.9896772875214332,400
245,pairs,lad_log,huber,Mstar_5.76e+23,-0.2922189049466697,0.831870163757549,-0.35127946364456675,0.7253787001123887,-1.511887049771727,1.9503492300255285,0.9901298509102212,400
245,pairs,lad_log,huber,w_chin70b,0.022823460813504726,0.05929819767360527,0.384892993529614,0.7003166971286756,-0.08406431650714191,0.15536228660050544,0.9936416473451786,400
245,pairs,gauss_log,huber,alpha,0.02278497902014459,0.013126668589031746,1.7357777310827396,0.08260314309359082,0.0005717607231662856,0.05262940397585606,0.7443082638891798,400
245,pairs,gauss_log,huber,beta,0.15899894835747236,0.05074440987022834,3.133329341381439,0.0017283539266853565,0.03749514138129067,0.24287307504060934,0.5461292571915282,400
245,pairs,gauss_log,huber,a,0.05726352553087455,0.025975408278732102,2.2045284107337877,0.02748720417308422,-0.001383816900582737,0.10199430421524866,0.6269824983294183,400
245,pairs,gauss_log,huber,gamma,0.034173046330206625,0.010243172868519118,3.3361778395083466,0.00084938809909976,0.013416664200193931,0.05464544611846668,0.575298367987934,400
245,pairs,gauss_log,huber,sigma_star,-0.04347515384053113,0.01287171630366949,-3.377572408749963,0.0007312869694371242,-0.0663969600185063,-0.01415923562627111,0.5460537661322572,400
245,pairs,gauss_log,huber,Mstar_1e+21,-5.872429294443993,2.9074158108476285,-2.019810607252612,0.04340303646406937,-11.562102510368693,0.03770396487586022,0.6398767368835482,400
245,pairs,gauss_log,huber,Mstar_5.76e+23,-4.771288285894734,4.684915882389241,-1.0184362762691577,0.3084706699183386,-16.57232090600814,0.04704208473094299,0.6067707072890434,400
245,pairs,gauss_log,huber,w_chin70b,1.5373660668489062,0.7053937467501528,2.179443855196854,0.029298711240119256,0.15979477337817607,2.863461487129559,0.5382818236937553,400
245,pairs,nls_lev,huber,alpha,0.01912308522454914,0.015371092809941866,1.244094057657405,0.21346494782514858,-0.009953714402523683,0.05243966620777044,0.6864379166139648,400
245,pairs,nls_lev,huber,beta,0.20834750841921484,0.07347096709194235,2.8357801273867342,0.004571390566524627,0.05728938848150229,0.37433242597588545,0.26038909465363275,400
245,pairs,nls_lev,huber,a,0.07759271069460638,0.033843656344514715,2.292681083413211,0.021866372389994167,0.007736333889369134,0.14410388706282143,0.39332586778449913,400
245,pairs,nls_lev,huber,gamma,0.039385688918940204,0.012016077240780855,3.2777493128348727,0.0010463827982617705,0.016703224434715096,0.06552721169441426,0.44262748672641317,400
245,pairs,nls_lev,huber,sigma_star,-0.05358118699764247,0.016958764942056403,-3.1594981816609384,0.0015804108662420937,-0.08922537944782573,-0.01898092283047989,0.30286627128353466,400
245,pairs,nls_lev,huber,Mstar_1e+21,-8.171877024122704,3.6187984064367473,-2.258174152389204,0.02393480405541351,-15.111395974117592,-0.9359189730746991,0.3956779443987868,400
245,pairs,nls_lev,huber,Mstar_5.76e+23,-5.613942152197221,5.131244064765724,-1.0940703816343484,0.27392411130813654,-19.736913271436194,-0.4266448383174099,0.46259893224847287,400
245,pairs,nls_lev,huber,w_chin70b,2.7249007900769655,2.4514717622988047,1.111536682568907,0.2663374095691923,0.3664379338094423,11.57233647021135,0.15438726324420568,400
245,cluster,lad_log,huber,alpha,-0.003988563986554894,0.0035354033280269323,-1.1281779238412566,0.25924478523767014,-0.006498831278754289,0.006750052407337601,0.9918600227561377,400
245,cluster,lad_log,huber,beta,-0.0012119389426255012,0.004599185524908925,-0.2635116448470516,0.7921562493407801,-0.009691760620024385,0.011336738714401193,0.998816291173164,400
245,cluster,lad_log,huber,a,0.0021632948468173208,0.004494516721017533,0.4813186780908367,0.6302900240847046,-0.008920690588855109,0.00896573324758139,0.997787765100651,400
245,cluster,lad_log,huber,gamma,-0.001505081868366176,0.0012947064915214467,-1.162488856140291,0.24503694870459725,-0.0026695782709466806,0.002556537307962823,0.9981430618022833,400
245,cluster,lad_log,huber,sigma_star,0.0013268856707614463,0.0012485239342977072,1.0627635036150247,0.2878892142298246,-0.002547107896867912,0.0022549848838430337,0.9985870123421602,400
245,cluster,lad_log,huber,Mstar_1e+21,-0.25093759801963955,0.7122084193655691,-0.3523373091309047,0.724585311151166,-1.3065123265899095,1.464752475112905,0.9968466428891358,400
245,cluster,lad_log,huber,Mstar_5.76e+23,-0.2922189049466697,4.315496400940911,-0.06771385671482821,0.9460134185669414,-7.567011431552736,10.977382951920857,0.9945927488593412,400
245,cluster,lad_log,huber,w_chin70b,0.022823460813504726,0.05164594374305527,0.44192165268688216,0.6585459014720554,-0.08481212450280388,0.1330547600012382,0.9974468611896219,400
245,cluster,gauss_log,huber,alpha,0.02278497902014459,0.022136830392707356,1.0292791974252447,0.30334849575459377,-0.011115234883613592,0.0720756674814292,0.8287153773836005,400
245,cluster,gauss_log,huber,beta,0.15899894835747236,0.06802806723852188,2.337255118537851,0.019425922724279905,-0.006845830117947361,0.18990080724557662,0.9603182961398566,400
245,cluster,gauss_log,huber,a,0.05726352553087455,0.024494062104981937,2.337853365662346,0.01939485614199723,-0.010819856531763115,0.07571076320078188,0.9612806566166175,400
245,cluster,gauss_log,huber,gamma,0.034173046330206625,0.016906470265814377,2.0212998806324474,0.0432487315200012,-0.00010865675987353664,0.052557869835225104,0.9531721143043859,400
245,cluster,gauss_log,huber,sigma_star,-0.04347515384053113,0.018703021163391512,-2.3244989919397367,0.020098765531215042,-0.05454280575744435,0.0004734893021308564,0.9590888848579778,400
245,cluster,gauss_log,huber,Mstar_1e+21,-5.872429294443993,3.6869043779298787,-1.5927804717683625,0.11120944747232779,-11.514766005610229,2.4639179975131147,0.9313981906430662,400
245,cluster,gauss_log,huber,Mstar_5.76e+23,-4.771288285894734,9.08660831672377,-0.5250901237938524,0.5995205413747047,-28.685167993160533,7.3126210704282855,0.9748055950186572,400
245,cluster,gauss_log,huber,w_chin70b,1.5373660668489062,0.9868627188135326,1.5578317404645934,0.11927313970636712,-0.08765289177449603,3.0927573884166994,0.9393653147062462,400
245,cluster,nls_lev,huber,alpha,0.01912308522454914,0.02467696138810072,0.7749367891692829,0.43837701195437107,-0.017743168750238257,0.07532164798599876,0.8086605187329219,400
245,cluster,nls_lev,huber,beta,0.20834750841921484,0.0806050939023547,2.5847933217670804,0.00974373854733931,0.003723508084576296,0.2442520385786321,0.9414790874457009,400
245,cluster,nls_lev,huber,a,0.07759271069460638,0.02879154861211643,2.6949821886952208,0.0070392393754541436,-0.0020620407808923935,0.10062368725949479,0.943415009389724,400
245,cluster,nls_lev,huber,gamma,0.039385688918940204,0.018022070468936804,2.1854142112487107,0.028858489815345056,0.002955239242533405,0.06124523932477423,0.9453483639621603,400
245,cluster,nls_lev,huber,sigma_star,-0.05358118699764247,0.02107859309240494,-2.541971694351313,0.011022909987627496,-0.06505138863179083,-0.002532092227113784,0.9466776177026808,400
245,cluster,nls_lev,huber,Mstar_1e+21,-8.171877024122704,4.173974417226758,-1.9578167490427991,0.050251519352876056,-14.959337721794869,1.0716828376810072,0.9035475292730678,400
245,cluster,nls_lev,huber,Mstar_5.76e+23,-5.613942152197221,13.439455915011374,-0.4177209395751398,0.6761511607432577,-50.35383949323424,1.8269780733822114,0.9538499093910917,400
245,cluster,nls_lev,huber,w_chin70b,2.7249007900769655,1.3999055901544768,1.9464889698570873,0.0515960316280806,-0.01910673053787801,4.155387836474461,0.8873339650515952,400
