key,dataset,subset,estimator,role,n_obs,n_runs,n_clusters,cluster_unit,B_boot,B_failed,objective,N_center,D_center,N_min,N_max,D_min,D_max,M_min,M_max,sd_offpath,corr_lnN_lnD,translog_r,translog_r_lo,translog_r_hi,translog_tau,translog_tau_lo,translog_tau_hi,share_boot_r_undefined,N_convention,D_definition,loss_units,eval_set,rmse_lnL,E,se_E,E_lo,E_hi,A,se_A,A_lo,A_hi,B,se_B,B_lo,B_hi,alpha,se_alpha,alpha_lo,alpha_hi,beta,se_beta,beta_lo,beta_hi,a,se_a,a_lo,a_hi,gamma,se_gamma,gamma_lo,gamma_hi,sigma_star,se_sigma_star,sigma_star_lo,sigma_star_hi,A_norm,se_A_norm,A_norm_lo,A_norm_hi,B_norm,se_B_norm,B_norm_lo,B_norm_hi,sigma_min,se_sigma_min,sigma_min_lo,sigma_min_hi,sigma_max,se_sigma_max,sigma_max_lo,sigma_max_hi,alpha_minus_beta,se_alpha_minus_beta,alpha_minus_beta_lo,alpha_minus_beta_hi,Mstar_1e21,se_Mstar_1e21,Mstar_1e21_lo,Mstar_1e21_hi,Mstar_1e23,se_Mstar_1e23,Mstar_1e23_lo,Mstar_1e23_hi,Mstar_1e25,se_Mstar_1e25,Mstar_1e25_lo,Mstar_1e25_hi,boot_file,ord
farseer|all,farseer,all,huber,primary,404,404,404,run (pairs),400,0,0.0024884108113411665,726593331.7414042,20369957452.07122,99620352.0,6369572352.0,999997440.0,511998000000.0,0.3139817296167515,2569.74598925328,1.9671329460555753,-0.040638974337186745,-1.7869636649171676,-2.393469020302784,-1.4477070273988526,-0.25843790476399947,-0.3440028999646565,-0.17473177085032932,0.0,"non-embedding (excl. input and output embeddings; vocab 65,536 untied)",tokens processed (single epoch),"bits/char, IntelliValSet-Raw English (web/paper/book average)",IntelliValSet-Raw en,0.00874039866704246,0.36867186889566866,0.01186994884289075,0.3443625345509259,0.39006180480613795,28.746588734561282,18.203445054979234,12.905216152244007,80.36367326625133,138.2798218313861,31.873029653316955,93.40005039260711,214.04583221533204,0.2805328164453021,0.028357451555530242,0.2314677269842899,0.341200679016694,0.3116662510001588,0.01092596577290239,0.2915383672696976,0.33423898990464335,0.5262862914401026,0.022303119617346608,0.482206296047632,0.5661590034889961,0.14764057559424507,0.009140421454035342,0.12996114635372708,0.16620012334844467,0.7715456830138219,0.010276624184123444,0.7504741781386203,0.7900652218062735,0.09390814887146627,0.009994949697827738,0.07611080614363493,0.11467137965897765,0.08468266332727101,0.003839156322712753,0.07715923148190897,0.0919534113543625,0.7661493873656159,0.00843095381331375,0.7471117548450574,0.7799382532597559,0.7769868906020239,0.01282948405514779,0.7539843950157669,0.8023439337085607,-0.03113343455485673,0.02538080989576004,-0.07249431214548255,0.023871223079181433,24.83750105926501,3.702755936002665,18.799885893206522,32.89951390784615,19.496772893737443,7.385691466262957,10.355003947132595,38.11707317245996,15.30444437075039,10.620057126948367,5.671375325458401,43.25982438025774,data/processed/m2_techpanel/boot/farseer__all__huber.npy,0
farseer|all,farseer,all,nls,primary,404,404,404,run (pairs),400,0,0.014591500964927145,726593331.7414042,20369957452.07122,99620352.0,6369572352.0,999997440.0,511998000000.0,0.3139817296167515,2569.74598925328,1.9671329460555753,-0.040638974337186745,-1.793395807543891,-2.0632891240219116,-1.5690781959279214,-0.25972116125486067,-0.30573827562398503,-0.20910848388438344,0.0,"non-embedding (excl. input and output embeddings; vocab 65,536 untied)",tokens processed (single epoch),"bits/char, IntelliValSet-Raw English (web/paper/book average)",IntelliValSet-Raw en,0.008499126619348532,0.369019088826041,0.006789015381612576,0.3541861641664133,0.380653921992782,33.11983559889453,9.306615700580874,19.34066590936636,55.38245733501519,143.3585692994018,20.574880091245824,107.97756486163168,186.40086244286823,0.2870510177905991,0.016154934604676076,0.25527966378178485,0.3183260827613881,0.31383995630211403,0.007130288935233617,0.29973122104302585,0.32702074326661124,0.5222910142326266,0.013138217552124737,0.4980376184383447,0.5502283063408319,0.14992416721835972,0.005229422720075505,0.13932780603837241,0.15946552023288182,0.7689672577289303,0.005889828307865658,0.7580115063469124,0.7808076052909514,0.09472082124445984,0.005811244831185745,0.08483480509111958,0.10757096890034024,0.08337784167759767,0.0023934404019500147,0.07902800453626765,0.08828193832279217,0.7642025046193444,0.004578767783309943,0.7563573278173332,0.7732392570211112,0.7735574616077304,0.007720662918554786,0.7598306460082914,0.7891676889610998,-0.026788938511514926,0.015100824391520414,-0.056093358246335774,0.002500581509014997,22.1520765880807,1.9257158784336639,18.55590576440301,26.09954626034017,18.040575490557387,3.7294076691511435,12.097232582867736,26.440064940883705,14.692183043716115,5.021927369802744,7.657923981317515,26.630123679362416,data/processed/m2_techpanel/boot/farseer__all__nls.npy,0
farseer|N_incl_emb,farseer,N_incl_emb,huber,robust,404,404,404,run (pairs),200,0,0.0024911417296576144,982570575.4583176,20369957452.07122,208672256.0,6805779968.0,999997440.0,511998000000.0,0.2938574789963001,1226.7994073922314,1.7501609405941505,-0.043163311918871405,-1.7169003350603782,-2.0489443662165194,-1.4614846760566649,-0.23405895778115843,-0.2955892496352835,-0.1692139338990431,0.0,total incl. both embeddings,tokens processed (single epoch),"bits/char, IntelliValSet-Raw English (web/paper/book average)",IntelliValSet-Raw en,0.008762743248376385,0.39201125566302664,0.00815482257357171,0.37381462623570305,0.4057393004105419,741.5374871938276,795.1344874116548,225.19014402207588,2639.2340603254856,141.68212438839666,31.51625998068596,93.23667382617002,206.04208874805923,0.4481982419401501,0.03486273109331794,0.3821821870968881,0.5154389750834655,0.3128468943761904,0.011187238108209777,0.2916136730614048,0.33237156466614914,0.41107534815931157,0.016864632921127647,0.3775731315693435,0.44297199014831784,0.18424324834993855,0.008321464561014647,0.16806642797388688,0.2009182357591203,0.7243633846088833,0.010731672942267883,0.7030603413663468,0.7442525694885431,0.06914670429029911,0.0060523756890260684,0.059288851965762085,0.08296365628495658,0.08436834235205533,0.003957446620689863,0.07738065337878627,0.09256613776439751,0.7031732945589715,0.0152316446179828,0.6741191338897117,0.7328242276922649,0.7492259448801548,0.006483461034725168,0.737839814893451,0.7625424668672137,0.13535134756395972,0.03162203894728698,0.08060182084101679,0.1969575410815373,19.81924151674683,2.4439645410298043,15.0663563675339,24.69679130015745,44.955790363733136,12.740823935866421,25.656868647928164,74.19599867153697,101.97277658280723,48.532757025133314,43.69243915909245,227.26058457503987,data/processed/m2_techpanel/boot/farseer__N_incl_emb__huber.npy,1
farseer|N_incl_emb,farseer,N_incl_emb,nls,robust,404,404,404,run (pairs),200,0,0.014464098105239378,982570575.4583176,20369957452.07122,208672256.0,6805779968.0,999997440.0,511998000000.0,0.2938574789963001,1226.7994073922314,1.7501609405941505,-0.043163311918871405,-1.7239426529104003,-1.9329834493671576,-1.5512455893142316,-0.23558159320880187,-0.2756527405605573,-0.1939230869326052,0.0,total incl. both embeddings,tokens processed (single epoch),"bits/char, IntelliValSet-Raw English (web/paper/book average)",IntelliValSet-Raw en,0.00846194103415651,0.39234165749772093,0.004760140061942468,0.3837398400971632,0.40139602922728296,954.16928340608,407.09395942154816,485.0383835100242,2071.681676805143,145.25123495999256,20.433213619077424,111.72337121276016,192.29064069340689,0.4599611684644006,0.021168885722032856,0.4230315785087057,0.5023777391777388,0.3145117451049096,0.007055197049576398,0.30083680524615536,0.328192117560207,0.4060977983793139,0.01000737181271168,0.3884701512312306,0.42542043621219316,0.18678921785336983,0.005121947185388586,0.17782071468267377,0.19707284513710308,0.7208576411823878,0.006537514923299358,0.7076727964252187,0.7327218844317488,0.06974085894085688,0.003611528803812677,0.06331208127844853,0.07659585637561063,0.08314217090091047,0.002347147039395108,0.07893504763149747,0.0875834748717909,0.6985426372049317,0.009207282010208715,0.679515190049699,0.7143101575253525,0.7480935869560831,0.004017092365353171,0.7408472964712107,0.7554516300734783,0.14544942335949101,0.019103954976335682,0.11021526991047803,0.17900897226999657,18.210028561094877,1.3085840912811864,15.469762797191045,20.44987273613255,43.24336022451472,6.9005360592268765,30.671747528700084,56.46935544718662,102.69002034968301,25.805179600864072,61.176719691806234,157.76232067950332,data/processed/m2_techpanel/boot/farseer__N_incl_emb__nls.npy,1
farseer|train_loss,farseer,train_loss,huber,robust,404,404,404,run (pairs),200,0,0.0027566369386936027,726593331.7414042,20369957452.07122,99620352.0,6369572352.0,999997440.0,511998000000.0,0.3139817296167515,2569.74598925328,1.9671329460555753,-0.040638974337186745,-2.102503915132634,-2.9758846956655627,-1.4843683720455298,-0.3085419980716207,-0.3885608488188939,-0.1846661244502332,0.0,"non-embedding (excl. input and output embeddings; vocab 65,536 untied)",tokens processed (single epoch),"nats/token, training loss (65k tokenizer)","training loss (smoothed, single epoch)",0.009337916439325437,1.4386252329882674,0.07324402853676594,1.2604002415440914,1.5389627705177429,81.26872411164311,47.920189177986806,27.55749598641231,212.78309931131798,381.1406294494159,103.02512120295964,233.0410713063475,618.6388146238321,0.25466566460803725,0.030818289590742183,0.18612685575965532,0.31194618658095397,0.29299987606930333,0.013533417557915784,0.2679452310156981,0.31734216549224886,0.5349978304403225,0.02599215050105457,0.49190348603744594,0.597144160768268,0.13624557805294274,0.01094660525010076,0.11181012997317741,0.15501249066719053,0.7850324024354727,0.012485608662765428,0.7629860357430936,0.8124218028837581,0.45004586510933775,0.06120090060001588,0.36604047027247794,0.6076342936014412,0.3635401807126298,0.020560224958641907,0.3309492179380786,0.40268060295543134,0.7782562033392509,0.010173739449021698,0.7606139478325035,0.7999033869822166,0.791253690038422,0.015154007758350577,0.767457514161002,0.8255879499613847,-0.03833421146126609,0.025370192362480722,-0.09176721047752187,0.010494467261238576,18.110797948711422,2.8728620752938636,12.722367725181027,23.618141186680564,13.120375473448448,4.983332406983497,5.338256926605898,25.301641438094503,9.505061734539176,6.236313187326548,2.1982026119035196,27.197189242202814,data/processed/m2_techpanel/boot/farseer__train_loss__huber.npy,2
farseer|train_loss,farseer,train_loss,nls,robust,404,404,404,run (pairs),200,0,0.01730831423596916,726593331.7414042,20369957452.07122,99620352.0,6369572352.0,999997440.0,511998000000.0,0.3139817296167515,2569.74598925328,1.9671329460555753,-0.040638974337186745,-2.027082328137188,-2.374899547908507,-1.715943869513827,-0.29763499213319006,-0.3408924330837292,-0.23995556765565895,0.0,"non-embedding (excl. input and output embeddings; vocab 65,536 untied)",tokens processed (single epoch),"nats/token, training loss (65k tokenizer)","training loss (smoothed, single epoch)",0.009256604341789786,1.4229936842757949,0.038930036048237276,1.336268681105773,1.488388314681665,78.09613261779153,21.888825923187145,45.940401076426774,128.8417605849614,370.71927769327266,63.60050237501644,280.6783194138592,512.3657372811944,0.2511114674727939,0.01690788899957455,0.2188094123911334,0.28141490281534015,0.2918221845503997,0.008364436464131677,0.27763706409870337,0.30821000951725736,0.5374914291331003,0.01580958304044055,0.5141919693480818,0.5715835458933222,0.13497026152366204,0.005818860742889846,0.12308370689665839,0.14510782395475608,0.7864931900243533,0.006623194697902511,0.7746461552419471,0.80000676664376,0.46500501710946845,0.03375411862390549,0.41306606627154463,0.5424694232693904,0.3636245128257044,0.012811698188856203,0.3391235437276626,0.38548972659274333,0.7792233072178724,0.00539315025287422,0.7694548224214058,0.7891824647089638,0.7929737850186769,0.008352867325625042,0.7782904763026486,0.8096746547063395,-0.04071071707760582,0.01592837158578859,-0.07277857957610494,-0.016785406232708355,16.435456565863305,1.686412045163858,13.129555268196347,19.51060415191645,11.636330732922378,2.7836932855835155,6.949004284918355,16.930276846275493,8.23854161783314,3.194645545449534,3.5377630945194003,15.009070510694388,data/processed/m2_techpanel/boot/farseer__train_loss__nls.npy,2
farseer|cluster_N,farseer,cluster_N,huber,robust,404,404,25,model size (25 clusters),200,0,0.0024884108113411665,726593331.7414042,20369957452.07122,99620352.0,6369572352.0,999997440.0,511998000000.0,0.3139817296167515,2569.74598925328,1.9671329460555753,-0.040638974337186745,-1.7869636803864792,-2.244550394657834,-1.5374984236834044,-0.25843790786168525,-0.325778664759629,-0.20178108741049824,0.0,"non-embedding (excl. input and output embeddings; vocab 65,536 untied)",tokens processed (single epoch); clusters = 25 model sizes,"bits/char, IntelliValSet-Raw English (web/paper/book average)",IntelliValSet-Raw en,0.008740398694627548,0.36867186973460303,0.012327730181724592,0.3455053306524872,0.39045560067541635,28.746590144925552,8.403149345950785,18.156480988026157,50.04230409034284,138.27982001236938,55.85374146475126,77.58890209491817,285.0116899771787,0.28053281949098074,0.01557549578973874,0.25238568957392316,0.31326588671129724,0.3116662502702654,0.019430577385209032,0.28013715341100054,0.3501267601684091,0.5262862881495547,0.014361379282415095,0.49657268371456126,0.5507262399774367,0.1476405762740373,0.007612644744339872,0.1350396384361666,0.16293175675566288,0.7715456823245482,0.009087169972490408,0.7532972602982496,0.7870559514381522,0.09390814764298941,0.005644034387975898,0.08382920630888328,0.10533413678658099,0.08468266368049185,0.008758924722706389,0.06979703374623748,0.10050061189197623,0.7661493873353354,0.010295610542573202,0.7457293800456936,0.7838293765158518,0.7769868892663073,0.008811443595940452,0.7599231766468635,0.7922422050029563,-0.031133430779284654,0.017240418353631912,-0.06038343289678277,0.0039777947058837245,24.837501794516573,4.615789674333623,18.09374078145256,34.02403428246672,19.49677406178025,6.440167431655543,11.645070182858086,34.81123537009878,15.304445751465549,7.855084752881823,7.454114007951096,35.93845399361487,data/processed/m2_techpanel/boot/farseer__cluster_N__huber.npy,3
farseer|cluster_N,farseer,cluster_N,nls,robust,404,404,25,model size (25 clusters),200,0,0.01459150096492716,726593331.7414042,20369957452.07122,99620352.0,6369572352.0,999997440.0,511998000000.0,0.3139817296167515,2569.74598925328,1.9671329460555753,-0.040638974337186745,-1.7933957900433213,-1.9096692791065932,-1.6973995745410937,-0.25972115777629623,-0.27752999471896356,-0.24070446704089407,0.0,"non-embedding (excl. input and output embeddings; vocab 65,536 untied)",tokens processed (single epoch); clusters = 25 model sizes,"bits/char, IntelliValSet-Raw English (web/paper/book average)",IntelliValSet-Raw en,0.008499126619348535,0.36901908788568466,0.0063596288624461735,0.35665026284858325,0.3806311909104822,33.119834920880635,8.449856282532464,22.67554493106291,56.726389855857725,143.35856527067267,25.024889892713382,103.67799952137177,196.40112742457455,0.28705101650144854,0.01390741822791442,0.26328330106190295,0.31897502600773714,0.3138399549083327,0.009330758675641041,0.29553747620438914,0.33093725065016666,0.5222910142450912,0.01425412596179271,0.49356676889794254,0.5495579076802871,0.14992416654862595,0.004316822655348551,0.14202954041029134,0.15862306761009257,0.7689672585221534,0.00490964782358967,0.7591307512720475,0.7781170515655929,0.09472082179688439,0.005081783866333249,0.08532358592772485,0.10547424446976582,0.08337784209300089,0.004272628620637459,0.0758213405154129,0.09323440588099305,0.7642025054343695,0.004763015731099714,0.7552783306747568,0.7733538104866536,0.7735574623741202,0.0061805206221008675,0.7613781818646919,0.7855744991495898,-0.026788938406884177,0.016877089216701523,-0.05795141423815662,0.00811731457317545,22.152076515141488,2.9046282174587352,17.34028327743025,28.815251888737574,18.040575429084836,4.834908600841953,10.739267769151047,29.375333681250844,14.69218299196637,6.4375774284965726,6.803693457296915,32.14112728785743,data/processed/m2_techpanel/boot/farseer__cluster_N__nls.npy,3
gadre|C4,gadre,C4,huber,primary,34,34,34,"run (pairs); pooled/neutrality models: (size, multiplier) cell",400,0,0.0005299541304503373,109341707.43179506,5473156922.517886,10569312.0,6889410560.0,52846560.0,137788211200.0,5.0,640.0,1.4580789950423096,0.6947864909248527,-1.0050576787769498,-1.1616066130315403,-0.8860967628047732,-0.002455673752854745,-0.07366697559810115,0.052080042421668735,0.0,total incl. embeddings (open_lm `params`; D = 20 x multiplier x params),"tokens processed (single epoch), 20 x M x N_total","nats/token, C4 validation (GPT-NeoX tokenizer)",C4 val,0.02990857268882361,1.6200235289881637,0.26516995110480257,0.9588367076872355,1.9389363777347153,122.55312353971051,115.34889148247831,39.49104725682168,452.2455478974996,242.60887086665,44810.15094015518,61.012866404009635,5638.635908584487,0.2525740605376423,0.04597319129823913,0.1693758813703812,0.33978503256092185,0.2622292212982498,0.05611310990411754,0.179600629879213,0.4188814898516227,0.5093775244848627,0.07232072694881464,0.35689065162299677,0.6400427719084323,0.1286555497057541,0.015403237629116167,0.10043653636524821,0.16326627389651419,0.7952908342556049,0.019525246844528773,0.7484851654882765,0.8270929564034435,1.1427088750604943,0.2952994917616157,0.7709337509054752,1.7961509130139965,0.6780412802293961,0.16255390464604755,0.48956327344267375,1.1292039435602108,0.7937025920553522,0.024095978241788208,0.7205713297757808,0.8192148540425876,0.7955076564045273,0.017817118600445058,0.75550725959498,0.8341249498550825,-0.009655160760607517,0.07979417548962506,-0.15834038114016413,0.1403466147896402,6.8588237678167845,32.81246090512799,1.2625058888036547,88.05957175863416,6.2912877045713715,164.54581584065332,0.3983899016830653,327.48826110498686,5.770712635512083,1006.9728305683933,0.09076568181306043,1092.8914678097271,data/processed/m2_techpanel/boot/gadre__C4__huber.npy,4
gadre|C4,gadre,C4,nls,primary,34,34,34,"run (pairs); pooled/neutrality models: (size, multiplier) cell",400,0,0.012175453690268533,109341707.43179506,5473156922.517886,10569312.0,6889410560.0,52846560.0,137788211200.0,5.0,640.0,1.4580789950423096,0.6947864909248527,-0.9771828546274355,-1.0330322529774523,-0.8615136205000133,0.011206876281499285,-0.01602183028730929,0.07180431011001308,0.0,total incl. embeddings (open_lm `params`; D = 20 x multiplier x params),"tokens processed (single epoch), 20 x M x N_total","nats/token, C4 validation (GPT-NeoX tokenizer)",C4 val,0.026761972241430457,1.5360193192241012,0.36955376367036236,0.06508041026551127,1.7762267601161406,125.27409191584992,81.16926567096465,17.878412022580818,316.51489503489614,162.62430936954866,27880.20421488671,74.71593306583989,9460.181083585732,0.2590094541227977,0.052129515011755806,0.1120051372826491,0.3203726633371769,0.23180323766780164,0.05630162219506329,0.18402577836378034,0.43668912782061364,0.47228452227290474,0.08636730899465217,0.3801186093966482,0.7250634847386374,0.12232615630455135,0.015691479435801545,0.0752770997269584,0.1455137239419898,0.8029507825264198,0.020043223663036278,0.7567666408458644,0.8473667572997434,1.036906813311505,0.38294620527860207,0.8117416192969211,2.454115334470573,0.8991463606652897,0.16039873436107244,0.48090927485100593,1.207205046912125,0.8015765261377265,0.0248960024683993,0.7178881636803417,0.83405638726397,0.806696465281931,0.019107514656393442,0.7807089774972588,0.8655917144540808,0.027206216454996046,0.08812114396562523,-0.23281289916286724,0.12006908569248836,24.33913532219536,26.127866715212733,1.237971863926988,108.48414215081223,31.417169580378587,80.72839404178372,0.20699936080312759,257.1323205093973,40.55355834856485,293.5342901622799,0.03600912179966535,753.0536160042298,data/processed/m2_techpanel/boot/gadre__C4__nls.npy,4
gadre|C4_indist,gadre,C4_indist,huber,robust,34,34,34,"run (pairs); pooled/neutrality models: (size, multiplier) cell",200,0,0.0005555834645044621,109341707.43179506,5473156922.517886,10569312.0,6889410560.0,52846560.0,137788211200.0,5.0,640.0,1.4580789950423096,0.6947864909248527,-1.0102957518381963,-1.1423192119626386,-0.8873845162310632,-0.0049653109621725375,-0.06587979035091582,0.05769939772643311,0.0,total incl. embeddings (open_lm `params`; D = 20 x multiplier x params),"tokens processed (single epoch), 20 x M x N_total","nats/token, C4 validation (GPT-NeoX tokenizer)",in-distribution Paloma (paloma_c4_en),0.029780669081227198,1.5935800855774598,0.30701425248271924,0.6501912891619682,1.883971860912884,133.88400189383896,309.1478415677667,34.23560597512495,601.457021146412,183.77819907368158,9347.753438227053,52.24028270316589,1577.8425275191646,0.2586013078543726,0.052863450338174904,0.16206126557701206,0.3631767633494636,0.24518621614271946,0.05033375731915997,0.17000377320133955,0.34704067303283415,0.4866857642630601,0.07836657369406297,0.3304732356231326,0.6388433677188916,0.1258575751525322,0.0147202996671041,0.09026094675715933,0.15756346386724707,0.7987898257465407,0.0191756158840302,0.7600132950720992,0.8356489561268339,1.1165756446357802,0.32341019650622227,0.7246106833095103,1.8701871404836217,0.7526833145778994,0.24981053139578113,0.5091090605614331,1.301576951592794,0.7985015401860662,0.02398694007806754,0.7392674500725658,0.8262460505305088,0.8009438727486413,0.01737045309419568,0.7642311622246806,0.8379287575572617,0.013415091711653115,0.08315085642624956,-0.11720508616067209,0.18478171653511855,9.834635800852697,341.62108397373146,1.257659054550327,289.84257812479814,11.117707007082315,6316.495697367923,0.43682507147691646,1287.8503141625474,12.568173504158674,118300.86712462586,0.13591080304743916,4763.866688953253,data/processed/m2_techpanel/boot/gadre__C4_indist__huber.npy,5
gadre|C4_indist,gadre,C4_indist,nls,robust,34,34,34,"run (pairs); pooled/neutrality models: (size, multiplier) cell",200,0,0.01242095342604318,109341707.43179506,5473156922.517886,10569312.0,6889410560.0,52846560.0,137788211200.0,5.0,640.0,1.4580789950423096,0.6947864909248527,-0.9793716801183476,-1.047770334063743,-0.8881907902368527,0.010075709272590426,-0.022930502365439906,0.05897627058037423,0.0,total incl. embeddings (open_lm `params`; D = 20 x multiplier x params),"tokens processed (single epoch), 20 x M x N_total","nats/token, C4 validation (GPT-NeoX tokenizer)",in-distribution Paloma (paloma_c4_en),0.02703043320368758,1.4935965146478505,0.3380833822276574,0.3796626382775266,1.7244227441384394,124.75725245206064,88.25413672622587,22.762093693857807,337.47901483382225,140.4504602586257,539.9878929418072,57.28051354591671,852.9252116918236,0.2577547932036765,0.051904889361031936,0.12487359400839948,0.32467935721574587,0.22296450703795684,0.037976931617991726,0.17036497584550947,0.31965977791222333,0.46381434430838087,0.07943160728084023,0.36363592710768433,0.6717915785524483,0.11955037040210552,0.013726637054753495,0.08379584089510878,0.14283161277573211,0.806217777160516,0.01731160140530589,0.7749826108967828,0.8431450525242365,1.0568910420222317,0.3564948390864964,0.8105088677707739,2.1651301365865816,0.9467640393921203,0.16834063686486622,0.6513727418278951,1.3160155258441342,0.8045118832531548,0.017938112121223856,0.7698926348210275,0.8300596518616906,0.8110376085494232,0.01672555212422329,0.7836709333940244,0.8563352655275663,0.034790286165719664,0.07397709071809448,-0.14161284931729398,0.1339230434289864,26.03634107035592,33.90821937612318,2.220097290506431,125.04313687966975,36.3347833354372,127.9943157425718,0.4647331618858829,488.31739659768164,50.70668249680896,550.3368935720376,0.09291670315087032,1617.720958420721,data/processed/m2_techpanel/boot/gadre__C4_indist__nls.npy,5
gadre|C4_Nnonemb,gadre,C4_Nnonemb,huber,robust,34,34,34,"run (pairs); pooled/neutrality models: (size, multiplier) cell",200,0,0.0005041105795084936,79432604.38231723,5473156922.517886,5727840.0,6682841088.0,52846560.0,137788211200.0,5.717307139788984,1180.9617028408616,1.5477620743294394,0.6956521401534038,-1.0110100359509206,-1.1377155284144669,-0.8998071454759953,-0.005472504727515482,-0.06303562678527977,0.05257050922902844,0.0,non-embedding (open_lm params_no_embed),"tokens processed (single epoch), 20 x M x N_total","nats/token, C4 validation (GPT-NeoX tokenizer)",C4 val,0.029107765296907645,1.5959044905699407,0.2992896388427959,0.7038861504285451,1.8203278283785098,67.50978889823261,39.55198367205058,22.779757509187828,181.8985740464818,224.32062587771594,2162.2860324268318,62.85717268134362,1565.8909225129064,0.22447795080358882,0.039869624579205926,0.1345087043791555,0.29546124653050637,0.25703177783778386,0.043793045915759374,0.1799568307174006,0.3519789686752965,0.533803914124486,0.06949107159971969,0.4077767166169885,0.6843139630464078,0.11982720877359952,0.013192907598624796,0.08578482025834809,0.13790884907945503,0.8059609748517893,0.016155163228581567,0.7743692886200463,0.8376106376828951,1.1376042542639073,0.31627580210479644,0.8242131320744406,2.038751874738832,0.704421507666562,0.17186244234458245,0.5176022790152913,1.1357984605667533,0.8010818868991049,0.01911423013641577,0.7560950142328244,0.8297624896516282,0.8073398315169239,0.01656373322042317,0.7890836225893653,0.8489145926455698,-0.03255382703419504,0.06732295311368244,-0.14945716294856748,0.08831965853216701,11.04701615596289,172.89965946958424,1.3449995345867514,118.67890605869897,8.091505481166458,1007.0248787066477,0.3248492555555839,273.0342876849123,5.926709984614855,6011.722158974784,0.07817882007496711,522.6358539126644,data/processed/m2_techpanel/boot/gadre__C4_Nnonemb__huber.npy,6
gadre|C4_Nnonemb,gadre,C4_Nnonemb,nls,robust,34,34,34,"run (pairs); pooled/neutrality models: (size, multiplier) cell",200,0,0.011455204717597927,79432604.38231723,5473156922.517886,5727840.0,6682841088.0,52846560.0,137788211200.0,5.717307139788984,1180.9617028408616,1.5477620743294394,0.6956521401534038,-0.9700821876852032,-1.044982637296015,-0.8700326583155923,0.015169759830137866,-0.019597851076461843,0.06831667951060041,0.0,non-embedding (open_lm params_no_embed),"tokens processed (single epoch), 20 x M x N_total","nats/token, C4 validation (GPT-NeoX tokenizer)",C4 val,0.025958343006120654,1.4736118169178223,0.41100948013532274,1.654207643751713e-09,1.7276661472103294,57.67992695872125,31.123766956081354,15.25986896914273,134.50784226736602,164.49492920727113,2095.270357529881,77.70223623621247,3620.3046798909922,0.21720833946969959,0.046312289242200017,0.0954671749651149,0.27628793394942547,0.23255414035793756,0.04885678713554526,0.18564050578078817,0.3961966675503524,0.5170598944737664,0.08466907057482656,0.4212772721703111,0.7368285852714394,0.1123097210850249,0.015046437015866372,0.07026528293523028,0.1361526408045526,0.8164056787010298,0.01830255004549729,0.7810472827216087,0.8549231758466612,1.1093768018864516,0.4327906199707703,0.8591519339453731,2.6137746221252343,0.8943035841045538,0.1571304980544232,0.5327254762443101,1.1896778306773912,0.8145380315375546,0.022664129293358974,0.7384788494339254,0.8400516622918984,0.8174371136426409,0.01931036729349571,0.794153433028724,0.8743192334459853,-0.015345800888237976,0.07739198262140289,-0.2218079461111603,0.07348335557308369,29.223344495840063,40.69906752944702,1.608508093567281,127.99981407321536,24.97412837663891,98.14518182585942,0.20760521277073246,303.39778885393434,21.342768903868112,259.19280725830936,0.03738715526503405,504.89427391605636,data/processed/m2_techpanel/boot/gadre__C4_Nnonemb__nls.npy,6
gadre|C4_wls,gadre,C4_wls,nls,robust,34,34,34,"run (pairs); pooled/neutrality models: (size, multiplier) cell",200,0,0.015559740138193086,109341707.43179506,5473156922.517886,10569312.0,6889410560.0,52846560.0,137788211200.0,5.0,640.0,1.4580789950423096,0.6947864909248527,-0.92900872167991,-1.035183702654707,-0.820154730001017,0.03556609373425204,-0.0159058168187214,0.09689329187550265,0.0,total incl. embeddings (open_lm `params`; D = 20 x multiplier x params),"tokens processed (single epoch), 20 x M x N_total","nats/token, C4 validation (GPT-NeoX tokenizer)",C4 val (inverse-variance weights from token-level 95% CIs),0.02731110116383972,1.3546818356367551,0.4437706941478899,4.51873804045811e-10,1.797496277062992,85.20971089969626,77.05328970789778,16.988725576156188,269.5229219603643,122.36866476908598,18945.594332814297,61.438062707292,33787.961795027186,0.23342385678007477,0.05550460299363612,0.10802631946932112,0.31110067373234873,0.21408147548854942,0.06993673111630687,0.16886954742734792,0.5047189439633085,0.47838865830551186,0.08981704380058178,0.3721680659728115,0.7194559682939637,0.11166732566151792,0.018984619218521157,0.07229389849245171,0.15225634882641048,0.8171585874120136,0.026946735789599156,0.7458807419527403,0.8614181980212254,1.1325169080266517,0.42149756918385095,0.8457215042171806,2.478676763552234,1.0066856616070705,0.22717292137448064,0.4134372359858773,1.4401658163498083,0.8161524802717077,0.03426648750883493,0.6844996680280556,0.8524119027040409,0.8196058125980553,0.022783869787677814,0.7764232689678303,0.8722393706703302,0.01934238129152535,0.09338256861695168,-0.2914901650090526,0.13158778394918574,25.622899769095838,98.56323539323341,1.2963089200445752,178.27783060616227,31.26609509929255,652.6679008484684,0.29563619013329706,394.334640002201,38.152149505617835,4631.884104485432,0.04256840454423464,1219.6216783458813,data/processed/m2_techpanel/boot/gadre__C4_wls__nls.npy,7
gadre|RedPajama,gadre,RedPajama,huber,primary,35,35,35,"run (pairs); pooled/neutrality models: (size, multiplier) cell",400,0,0.00042651082715389215,113562413.34651884,6487987895.269007,10569312.0,6889410560.0,52846560.0,921468928000.0,5.0,640.0,1.473648619295586,0.7064561252726423,-1.0642208720774742,-1.1813995201212908,-0.9497753466574939,-0.031061834555985154,-0.08062012468222964,0.025660234456253577,0.0,total incl. embeddings (open_lm `params`; D = 20 x multiplier x params),"tokens processed (single epoch), 20 x M x N_total","nats/token, C4 validation (GPT-NeoX tokenizer)",C4 val,0.02931826526889555,1.7202448247971178,0.18593746296346125,1.0413299815170267,1.8046790776691606,106.09099744668306,32.52539445248112,32.77637421414628,165.67642793212573,297.9755366663572,111037.40157369792,171.40701666734077,1668.2749582970428,0.2430844840250033,0.026770489441872988,0.1520777319089689,0.27317132044281506,0.2730054395853262,0.041756408546765225,0.24421273876256688,0.3593450016629468,0.5289881222161921,0.04461379223148137,0.48509688984402255,0.6627708964679879,0.12858880474427845,0.009107156666988482,0.10018957885670662,0.13896333185998475,0.7948841498996213,0.01303751966459686,0.7748919715983206,0.8243488407496522,1.1683581245616899,0.18945855342247142,1.0515114373814214,1.7647252130534687,0.6243400550937055,0.07599589374547046,0.49448606051694255,0.7694058874011351,0.7896884009524868,0.02003869831869839,0.7474221002710427,0.8065268951383208,0.7959467951583606,0.011366744510620185,0.7863131715924483,0.8322343113871378,-0.0299209555603229,0.05534437138820299,-0.16688958333074838,0.015546613375438325,5.768457505876663,3.232341103235136,1.2164755443810829,13.329280567943933,4.416794657590608,4.274607506708947,0.30672598203660306,12.97851421950256,3.381852952448195,5.958186825830841,0.07741106233461804,14.038248186740864,data/processed/m2_techpanel/boot/gadre__RedPajama__huber.npy,8
gadre|RedPajama,gadre,RedPajama,nls,primary,35,35,35,"run (pairs); pooled/neutrality models: (size, multiplier) cell",400,0,0.01196062198567552,113562413.34651884,6487987895.269007,10569312.0,6889410560.0,52846560.0,921468928000.0,5.0,640.0,1.473648619295586,0.7064561252726423,-0.9851861189739916,-1.10081967322727,-0.8964405991253842,0.007442212066369426,-0.04716033615800419,0.05417463614777856,0.0,total incl. embeddings (open_lm `params`; D = 20 x multiplier x params),"tokens processed (single epoch), 20 x M x N_total","nats/token, C4 validation (GPT-NeoX tokenizer)",C4 val,0.026143146586958065,1.5273753580329896,0.3565112522097634,3.18721603769188e-09,1.7314899396208292,61.98209965467983,65.57670669362832,19.252696396731878,127.97290091466205,285.28190750466905,1556.442450494827,150.54363042436805,2492.0444379234655,0.2092102568071026,0.03986803686817554,0.10325867132729727,0.25832700073872805,0.2634971213620692,0.035586745084218205,0.2282235213827161,0.3727587090924479,0.5574212155998319,0.06598909301498553,0.47835895358899794,0.7294579134038037,0.11661823566536814,0.013367687826304844,0.0758802403691612,0.13077125135455264,0.8088300369293309,0.014386060671477971,0.7807808111241106,0.8418494501692404,1.279465505819247,0.3669320877256321,1.0622205658494281,2.754653592611559,0.7409885242240684,0.10021469874981279,0.5440947102938434,0.9229630649802318,0.8001037688857661,0.018017046574897055,0.7431328981448385,0.8204425821612116,0.8128232548726411,0.01716880533484274,0.7958160516020866,0.8652251489750682,-0.05428686455496662,0.06125776874319857,-0.19491352915461416,0.021019866139161437,8.067450058941455,17.615835603616286,1.052716910556898,23.107267806539546,4.753915119699007,93.24124543850711,0.1267550658290114,23.90483350850131,2.8013447619988336,513.167901118663,0.016294286122672405,32.25559178852432,data/processed/m2_techpanel/boot/gadre__RedPajama__nls.npy,8
gadre|RedPajama_indist,gadre,RedPajama_indist,huber,robust,35,35,35,"run (pairs); pooled/neutrality models: (size, multiplier) cell",200,0,0.0007770914040749862,113562413.34651884,6487987895.269007,10569312.0,6889410560.0,52846560.0,921468928000.0,5.0,640.0,1.473648619295586,0.7064561252726423,-1.1327684268277685,-1.5769167424950488,-0.8236150565254898,-0.06045592123962623,-0.2335661539035888,0.09291344162393526,0.02,total incl. embeddings (open_lm `params`; D = 20 x multiplier x params),"tokens processed (single epoch), 20 x M x N_total","nats/token, C4 validation (GPT-NeoX tokenizer)",in-distribution Paloma (paloma_redpajama),0.04270691385978452,1.416017515471934,0.30137663456985814,0.3206852351644412,1.5878812903655581,213.14281391030178,431.5083474428826,38.06718534993742,1366.3891343461553,1985.0463194309596,2573.3894035390804,177.25911515416897,8834.348079059479,0.2893166097317562,0.059254480655313774,0.15315452599468746,0.4156959015413914,0.366010862646386,0.060053838032270226,0.22638844745241996,0.4414275121540907,0.5585159757123498,0.08279749081329583,0.3745319915163033,0.6897693581679704,0.16158794857412093,0.017856426915807504,0.1050738837393482,0.17948680450467336,0.7532027671934478,0.01814515743085549,0.7297941251294715,0.805434202939668,0.9957665336210338,0.32643829307258576,0.6133567644324902,2.047588126429076,0.5086649208313511,0.19348550718139682,0.39261040079800774,0.9728896836853266,0.739536346235124,0.021158463097094828,0.7020824958652973,0.7877137682902559,0.7599676649249993,0.021014937933944274,0.7388207520644832,0.8277847084513701,-0.07669425291462978,0.10198609303097016,-0.20802610344580572,0.15928489690274306,7.992185385451624,59.488960141002686,0.7682810424069549,174.4344223973457,4.662315363881907,227.99512818281528,0.15638374212799136,547.6345925463706,2.7198048473522687,1359.2407264666563,0.031845823358136204,1885.8169836152226,data/processed/m2_techpanel/boot/gadre__RedPajama_indist__huber.npy,9
gadre|RedPajama_indist,gadre,RedPajama_indist,nls,robust,35,35,35,"run (pairs); pooled/neutrality models: (size, multiplier) cell",200,0,0.024215289364145555,113562413.34651884,6487987895.269007,10569312.0,6889410560.0,52846560.0,921468928000.0,5.0,640.0,1.473648619295586,0.7064561252726423,-0.9970670588736188,-1.139266318516347,-0.8880837017903391,0.0014286374454172066,-0.0639313992206012,0.058807848451142286,0.01,total incl. embeddings (open_lm `params`; D = 20 x multiplier x params),"tokens processed (single epoch), 20 x M x N_total","nats/token, C4 validation (GPT-NeoX tokenizer)",in-distribution Paloma (paloma_redpajama),0.03719853250880097,1.2556311059305911,0.3166779872916782,3.551009861816974e-10,1.441853256467501,188.1034577036347,190.39305470255337,24.42372805631427,568.6883354685123,743.5176689629541,19266.80945386436,305.2112650206745,18049.00741401337,0.2857774512632477,0.05723209611791229,0.127531936248718,0.3612920441794513,0.30541618378101437,0.051747770030529286,0.2575424166120403,0.4625405521390347,0.5166093910299764,0.0778133925811154,0.4254875522248855,0.7294857588577687,0.14763531506720518,0.017624063764325303,0.09644792645755682,0.1683087138556854,0.7718450574095503,0.017700442226394587,0.7314969566259122,0.8076580130659997,0.9384094264706454,0.34443540275048395,0.7211468107633029,2.2875373565955264,0.7490556653463133,0.11366632927517181,0.45545163937588623,0.9468249497929155,0.7692744154402313,0.022663445677797777,0.6970497216806126,0.7880433483820874,0.7736377643866487,0.022540103035253847,0.7571299418669342,0.847137719256094,-0.019638732517766655,0.09099783344555139,-0.2868956996648564,0.09602165052113336,27.873251057406787,21.959927633393214,1.8795905435956086,87.49661018118687,23.919387934186904,40.029219321868254,0.21586983692134853,149.31018784900394,20.526386318114533,82.17959473646489,0.03331117050049032,342.8877080510033,data/processed/m2_techpanel/boot/gadre__RedPajama_indist__nls.npy,9
gadre|RedPajama_Nnonemb,gadre,RedPajama_Nnonemb,huber,robust,35,35,35,"run (pairs); pooled/neutrality models: (size, multiplier) cell",200,0,0.0004112977207499811,82937212.80305423,6487987895.269007,5727840.0,6682841088.0,52846560.0,921468928000.0,5.717307139788984,1180.9617028408616,1.569620760041405,0.7069996344540997,-1.0471404375174642,-1.1855842341692733,-0.9173866927329365,-0.022749230653367414,-0.07538701998328513,0.04278420647406492,0.0,non-embedding (open_lm params_no_embed),"tokens processed (single epoch), 20 x M x N_total","nats/token, C4 validation (GPT-NeoX tokenizer)",C4 val,0.028705234829421188,1.6084545090678213,0.2198995661763464,1.0305657927252598,1.7123780999119567,46.990626103140706,11.47795499753433,21.016650427631447,67.24792391901292,323.89273247441116,188010.31963637302,184.50784260275253,1470.9446159952258,0.19633396223295532,0.021928897055494518,0.13419971027966146,0.221894194099604,0.2781535696120288,0.046946006061206996,0.24387590105294843,0.3463249388711051,0.5862189224034279,0.04213689748858268,0.5363170848128181,0.7299309274391645,0.11509468377139838,0.00969421975368203,0.09133255936563206,0.12497948831996465,0.8082481621997889,0.015255117245801664,0.7949281763185639,0.8310024400341529,1.3100617866499136,0.2197331170224612,1.166129937904712,1.8366848365491288,0.6041263419677162,0.07952321016320608,0.49710971766204903,0.747118323393178,0.7936180541598501,0.02341621525899085,0.766207920221468,0.8110549653583967,0.8133957085656041,0.010803779979107878,0.8030427374311783,0.8485633208695839,-0.08181960737907348,0.05246371812243636,-0.18735919153761577,-0.03420984642535876,4.836807839685887,3.9849633460087643,1.1787053506471308,12.812292483533653,2.1861660423798823,2.9220437295885446,0.12866343555581944,7.461180745081381,0.9881149144774162,2.5181498965673326,0.018844222653557362,5.33599799813293,data/processed/m2_techpanel/boot/gadre__RedPajama_Nnonemb__huber.npy,10
gadre|RedPajama_Nnonemb,gadre,RedPajama_Nnonemb,nls,robust,35,35,35,"run (pairs); pooled/neutrality models: (size, multiplier) cell",200,0,0.011341317135564246,82937212.80305423,6487987895.269007,5727840.0,6682841088.0,52846560.0,921468928000.0,5.717307139788984,1180.9617028408616,1.569620760041405,0.7069996344540997,-0.9757309887306177,-1.105262904652002,-0.8744222445580921,0.012187421067691885,-0.04823578475452022,0.06280009760567845,0.0,non-embedding (open_lm params_no_embed),"tokens processed (single epoch), 20 x M x N_total","nats/token, C4 validation (GPT-NeoX tokenizer)",C4 val,0.02545732242183748,1.4157906082135017,0.39231120823757876,8.842242742621422e-10,1.6607801710044072,31.998616305614146,14.16120984972022,12.869452226767851,60.23877050684987,287.5839514097855,1838.491479352582,153.20471901152368,2700.0374332480856,0.1716310885178114,0.036145218290866636,0.08456721350140906,0.2207379413816895,0.264025374603615,0.037569913710529465,0.2279532942954374,0.3755813222875617,0.6060403022875062,0.06961782811184627,0.5073511313581103,0.7883316811411701,0.10401535676726814,0.013930478778564832,0.06579456298748562,0.11915537465152308,0.8211338627931507,0.01373826404905743,0.791260753518455,0.8448664723562886,1.3996763141468238,0.4045397898064525,1.0825735385080253,2.805355042044929,0.738105803495802,0.0945569385215208,0.5209639248768201,0.8927601454977566,0.8065114794047155,0.01952795144343107,0.7502755297206238,0.8268891820445016,0.830340041296292,0.018715648500857072,0.8109941138772206,0.8779265754323692,-0.09239428608580363,0.06096405131544739,-0.23710177846721514,-0.006605730929771159,8.870655734074855,7.861490714505316,1.3519709651393468,31.26173078023035,3.340369546565728,7.842771567441391,0.10611002161985816,27.394571975079852,1.2578628956100995,8.225247170584211,0.008714488887708883,21.139447715480603,data/processed/m2_techpanel/boot/gadre__RedPajama_Nnonemb__nls.npy,10
gadre|RedPajama_wls,gadre,RedPajama_wls,nls,robust,35,35,35,"run (pairs); pooled/neutrality models: (size, multiplier) cell",200,0,0.0159849005141492,113562413.34651884,6487987895.269007,10569312.0,6889410560.0,52846560.0,921468928000.0,5.0,640.0,1.473648619295586,0.7064561252726423,-0.9360783389480921,-1.0711587981915116,-0.835855866812665,0.03283643461240294,-0.03419639834699841,0.0881166073771003,0.0,total incl. embeddings (open_lm `params`; D = 20 x multiplier x params),"tokens processed (single epoch), 20 x M x N_total","nats/token, C4 validation (GPT-NeoX tokenizer)",C4 val (inverse-variance weights from token-level 95% CIs),0.02658345780128185,1.3547980055390272,0.4906045685557226,2.0145264193014545e-10,1.790444153300812,46.37626587214912,45.71612932253828,14.226690203544713,162.2274793354102,214.49245803313198,33069.27658856541,116.44249475137173,7617.896480909663,0.1890317256402339,0.050682741049662354,0.09193408730102945,0.2742323578022329,0.24642079184019525,0.05219283814529234,0.20811922890259169,0.42802467302572983,0.5658958943813439,0.08208108621948826,0.4627816199272236,0.7892204468521887,0.106972277447629,0.01814294133172231,0.06849912011318494,0.13376521542591724,0.8212026248284561,0.021805333381580354,0.7790035137591248,0.8617319006152128,1.3918770620142098,0.4786560751200247,0.9874542874131828,2.8968827948379663,0.8194153640379611,0.15528913036343037,0.4705689965115214,1.1119505611717058,0.8123132109114389,0.02857947242772059,0.7168066445227564,0.8454051309356752,0.8257095614421727,0.023951659759499398,0.7950285828139978,0.8779004711710547,-0.05738906619996134,0.07832387464007451,-0.2745475517880473,0.03717318894375979,8.290784625496942,10.495226230698838,0.7985588462973933,36.19709786902847,4.51868487895881,19.34992437333025,0.06759849476864925,26.50625679834808,2.462796219858035,42.9280997865579,0.004373433608237354,35.068613313242025,data/processed/m2_techpanel/boot/gadre__RedPajama_wls__nls.npy,11
gadre|RefinedWeb,gadre,RefinedWeb,huber,primary,35,35,35,"run (pairs); pooled/neutrality models: (size, multiplier) cell",400,0,0.00047572550163028546,113562413.34651884,6360762409.924647,10569312.0,6889410560.0,52846560.0,460734464000.0,5.0,640.0,1.4653983655513654,0.7053723042137484,-1.0073789532562873,-1.1194415711093202,-0.8677658760346748,-0.0036593853307339136,-0.056167357747135105,0.07033460783927395,0.0,total incl. embeddings (open_lm `params`; D = 20 x multiplier x params),"tokens processed (single epoch), 20 x M x N_total","nats/token, C4 validation (GPT-NeoX tokenizer)",C4 val,0.026619917490948747,1.701339657327039,0.23742733845545314,1.1337884815204882,1.9111954553220798,76.77424473062139,42.1649399371235,29.300874869396146,187.2242285150807,384.16045942692216,5010.44442338204,131.15710835318103,2438.665495040077,0.22258715014767597,0.0354087418525919,0.15113767145270496,0.28493752107474196,0.2897728966928455,0.03830174905835825,0.22824602497773838,0.3812352404195312,0.5655649742397673,0.05489921766906819,0.4587973509286858,0.6795559873852421,0.1258874958393736,0.012307500800549523,0.09965175704740295,0.14896875208675137,0.796064243465083,0.01465881912368486,0.7624384473277072,0.8231875472635873,1.2365846078838791,0.24846970236975352,0.9475832050030689,1.81721344640795,0.5542700486039858,0.08804269424252983,0.44719890463819656,0.7943651933229067,0.7838636187051601,0.018301072128385488,0.7343907337731307,0.813593414797924,0.7994661809200062,0.014888914752456853,0.7749615360506154,0.8352834611930819,-0.06718574654516954,0.05688068727834876,-0.17411122309502647,0.04334943317937999,3.351168155397708,5.047542368435284,1.1557800247432877,18.867448175522398,1.8320457871581293,6.640777450549985,0.26376747895466063,24.820337289429087,1.0015587432811233,10.459064934354698,0.06483059829229862,34.98241371155772,data/processed/m2_techpanel/boot/gadre__RefinedWeb__huber.npy,12
gadre|RefinedWeb,gadre,RefinedWeb,nls,primary,35,35,35,"run (pairs); pooled/neutrality models: (size, multiplier) cell",400,0,0.009642177704574047,113562413.34651884,6360762409.924647,10569312.0,6889410560.0,52846560.0,460734464000.0,5.0,640.0,1.4653983655513654,0.7053723042137484,-0.980891169064494,-1.064282184980104,-0.8618009251433009,0.009591715131581264,-0.031032501280901927,0.07257400687126062,0.0,total incl. embeddings (open_lm `params`; D = 20 x multiplier x params),"tokens processed (single epoch), 20 x M x N_total","nats/token, C4 validation (GPT-NeoX tokenizer)",C4 val,0.02347299689256828,1.6313227615869124,0.3577521945233563,0.1497547566514861,1.8452291300264467,70.5107524138899,41.18709955874294,16.459605798230868,154.46594357763178,257.62283828984323,6774.468328665976,145.2699089188028,3968.1451731971088,0.2216414960919296,0.042258496430887645,0.10054695441721334,0.2761206361927385,0.2599341747139095,0.04263985466029289,0.22667441491730128,0.40012046733867085,0.5397576963947361,0.06931949180151878,0.4619670445778936,0.7446222952449219,0.11963270335606285,0.015007898176415424,0.07410836177195063,0.13785743159874236,0.805939558293035,0.016497245184498466,0.7723398363835419,0.8427398543444922,1.1557957627297966,0.3692809838554003,0.933539937000469,2.7441183307380124,0.728982821405152,0.09271236299399785,0.4933890953335353,0.8763262381118849,0.8003105819674607,0.02073123511142885,0.733664252477638,0.8217069067953928,0.8085062739451423,0.018733422228269955,0.7879720137798959,0.8658653502045223,-0.03829267862197991,0.06686480633422433,-0.22526877487831629,0.03798342619137299,10.387842767865747,8.110124057759622,1.213621260989209,30.455902184814217,7.202687653276698,12.99850252503883,0.14239939147567643,35.17395655814413,4.994175459716107,23.0661224584888,0.014852102181713159,42.43313251103532,data/processed/m2_techpanel/boot/gadre__RefinedWeb__nls.npy,12
gadre|RefinedWeb_indist,gadre,RefinedWeb_indist,huber,robust,35,35,35,"run (pairs); pooled/neutrality models: (size, multiplier) cell",200,0,0.0004509167770062779,113562413.34651884,6360762409.924647,10569312.0,6889410560.0,52846560.0,460734464000.0,5.0,640.0,1.4653983655513654,0.7053723042137484,-1.032932138859604,-1.0908860867092411,-0.8522298331519208,-0.016173727344566763,-0.043344735932348555,0.07909395643093318,0.0,total incl. embeddings (open_lm `params`; D = 20 x multiplier x params),"tokens processed (single epoch), 20 x M x N_total","nats/token, C4 validation (GPT-NeoX tokenizer)",in-distribution Paloma (paloma_falcon-refinedweb),0.02509671590177938,1.7268834215629116,0.3267529125512476,0.618966658578114,1.8879835020236684,67.94209016400342,21.574535318748314,21.864066147431007,100.95497326132013,287.0293676526143,12642.384632706839,166.53595456269352,21712.03734909321,0.21174232268135953,0.03142591981575881,0.12218215636648042,0.23741831480891165,0.27375232372467495,0.052317934379418445,0.2398573153702404,0.48335341714219193,0.5638627032268596,0.05468128634328849,0.5199465288702556,0.7326073855035551,0.11939359845464537,0.013316108535136977,0.08027454242091875,0.14162189871370073,0.804668802200782,0.018055201289343764,0.7511182757497694,0.8419257058690744,1.3381500559318604,0.32809568715238024,1.17886352227073,2.357438547878878,0.5945562067473236,0.07865496724316881,0.39414981208467204,0.7515432920205458,0.7933466375854961,0.026631573544774866,0.6897929388442459,0.8182381482955133,0.8072155555559206,0.015625244580377576,0.7879869475214801,0.8541583584142508,-0.062010001043315416,0.06409026906865574,-0.2894940868573387,-0.019163585704696888,2.8485613367871276,1.575198489863095,0.5190492642996428,7.181990807695504,1.5818844700942085,1.5183552130326696,0.08250605564228321,4.866736534488718,0.8784639615826658,1.673175679921731,0.010029797998316175,3.6463456147981295,data/processed/m2_techpanel/boot/gadre__RefinedWeb_indist__huber.npy,13
gadre|RefinedWeb_indist,gadre,RefinedWeb_indist,nls,robust,35,35,35,"run (pairs); pooled/neutrality models: (size, multiplier) cell",200,0,0.008756720169557938,113562413.34651884,6360762409.924647,10569312.0,6889410560.0,52846560.0,460734464000.0,5.0,640.0,1.4653983655513654,0.7053723042137484,-0.9646501876581736,-1.0491860211888004,-0.8634253434400923,0.017985610495635417,-0.023307449755493793,0.07276872025623848,0.0,total incl. embeddings (open_lm `params`; D = 20 x multiplier x params),"tokens processed (single epoch), 20 x M x N_total","nats/token, C4 validation (GPT-NeoX tokenizer)",in-distribution Paloma (paloma_falcon-refinedweb),0.022369264844626178,1.5304171827186328,0.45715832682448077,3.667634202797963e-10,1.8091346796687804,45.33415330047294,21.82095768133887,16.04398083361532,93.22298844677084,262.2108247969785,628.0421734472284,145.9877195471675,1161.6749821086553,0.1857344839281747,0.038361102680353684,0.09132436958297611,0.23284611437709435,0.26181837779027756,0.030061427793622877,0.22665500721294798,0.3409927318404764,0.5849998965149796,0.06496518452696927,0.506009516635234,0.7589010747173346,0.10865465387724535,0.014911306135529604,0.06748129915019264,0.12487127091561752,0.817142718868911,0.014797438272455415,0.797434901029147,0.8531971161230034,1.4464075000102807,0.4573781436503231,1.114145412664682,3.002147717217185,0.7110690043272965,0.09816624614347555,0.5223274075054223,0.892452789172761,0.8046006906161326,0.01628573440987581,0.7655848403705992,0.830848278677986,0.8227595718861846,0.018851376602623097,0.8025945046991735,0.8727375839990984,-0.07608389386210285,0.05302532759828709,-0.20255396426384217,-0.005524637872697657,4.3132446911550595,5.0433981191282165,0.5328277422327582,14.833546143849272,1.971535086378836,5.615004040188237,0.06471112878612087,13.981628302417388,0.9011662623253363,7.19821000609402,0.006066964514719981,14.144897122101172,data/processed/m2_techpanel/boot/gadre__RefinedWeb_indist__nls.npy,13
gadre|RefinedWeb_Nnonemb,gadre,RefinedWeb_Nnonemb,huber,robust,35,35,35,"run (pairs); pooled/neutrality models: (size, multiplier) cell",200,0,0.00045929501354557777,82937212.80305423,6360762409.924647,5727840.0,6682841088.0,52846560.0,460734464000.0,5.717307139788984,1180.9617028408616,1.5591875377670366,0.7062029145526522,-1.009610037614368,-1.1417902656204648,-0.8899381551946741,-0.004755999019208913,-0.06327377051236409,0.05803604481684685,0.0,non-embedding (open_lm params_no_embed),"tokens processed (single epoch), 20 x M x N_total","nats/token, C4 validation (GPT-NeoX tokenizer)",C4 val,0.0261913354516637,1.6441609338043195,0.29895121512774747,0.8469684110207726,1.8114999459024004,41.171846525349565,18.102856875385488,17.816865863029097,82.78934064400335,395.9777657339075,10802.444495817084,119.01745948587491,1091.9504866643122,0.189500002514276,0.03343419992423146,0.1191377974541981,0.23974692668988318,0.291517610694277,0.03903383674036651,0.2256020649642005,0.34077125661135527,0.6060435266595628,0.05902840430655638,0.5002689104310213,0.7320235033332303,0.11484524982574787,0.012522642182783785,0.08405850472050895,0.12555431757753144,0.8061208390268211,0.014316336285785547,0.7832621764897264,0.8364935815631815,1.3001615162186575,0.3175619434521916,1.0072952972671634,2.033290772100193,0.5492565315017113,0.089796498225859,0.4768776238742211,0.7724616981523056,0.7882761127347511,0.019109049072906323,0.7699772463086569,0.818020437840761,0.8136683450648979,0.015023073488844267,0.8002681282280024,0.8530397866824735,-0.102017608180001,0.05676643800801697,-0.20545830112038524,-0.00025905666693020835,3.770669222069542,6.844155529823649,0.8496677233856286,21.324876743880306,1.4198560928474357,5.5669465952116965,0.12382888725957002,18.234172143857247,0.5346508021961957,4.888298767203785,0.017855796146531454,17.9783563941783,data/processed/m2_techpanel/boot/gadre__RefinedWeb_Nnonemb__huber.npy,14
gadre|RefinedWeb_Nnonemb,gadre,RefinedWeb_Nnonemb,nls,robust,35,35,35,"run (pairs); pooled/neutrality models: (size, multiplier) cell",200,0,0.009114132461189048,82937212.80305423,6360762409.924647,5727840.0,6682841088.0,52846560.0,460734464000.0,5.717307139788984,1180.9617028408616,1.5591875377670366,0.7062029145526522,-0.9722892982404047,-1.05501226388748,-0.8235193187982689,0.013989444596784799,-0.026502920077392234,0.0908604593499229,0.0,non-embedding (open_lm params_no_embed),"tokens processed (single epoch), 20 x M x N_total","nats/token, C4 validation (GPT-NeoX tokenizer)",C4 val,0.022821208758757858,1.541089374221901,0.3902223268702525,3.521939050662419e-08,1.771367897273743,35.42194458981928,19.663887722075028,11.909905075187599,72.71527501087549,260.37222429240035,2348.5186445045993,140.96472824033316,2583.343678104391,0.18320819221039436,0.040213331205205934,0.08130791893423328,0.23415331086125998,0.26060518437873825,0.038935677340468273,0.22638014439360812,0.3768721409065531,0.587195425206838,0.07545438432097175,0.49966153130503105,0.7950889021874837,0.10757901232635862,0.014882917867607632,0.0642451542782123,0.12501509963256902,0.8183930979179066,0.013961376783745103,0.7904180004492668,0.8499544634309629,1.2545634492891722,0.4124207294394724,0.9188816781411938,2.7872656436493073,0.7256869902538255,0.09741207866062497,0.5043590717360397,0.9137561152115142,0.807638376677327,0.018934686115950245,0.754166004683725,0.8253868441517416,0.8255735982812153,0.019827564068637935,0.8038317215269939,0.8808076999028849,-0.07739699216834389,0.06681068680965317,-0.288208906013467,0.00031405856104648914,11.67183118980017,13.344724534486998,1.6449973088093262,59.38880080195458,5.228261445671955,19.00837830282849,0.10667693181843983,54.24970182958824,2.341939092486806,32.11229406352574,0.008554808122842135,50.050162374612455,data/processed/m2_techpanel/boot/gadre__RefinedWeb_Nnonemb__nls.npy,14
gadre|RefinedWeb_wls,gadre,RefinedWeb_wls,nls,robust,35,35,35,"run (pairs); pooled/neutrality models: (size, multiplier) cell",200,0,0.011473046701267161,113562413.34651884,6360762409.924647,10569312.0,6889410560.0,52846560.0,460734464000.0,5.0,640.0,1.4653983655513654,0.7053723042137484,-0.9421675321492053,-1.0341950241773792,-0.8174248993438172,0.02953378780877268,-0.01678118047848517,0.09931610338582737,0.0,total incl. embeddings (open_lm `params`; D = 20 x multiplier x params),"tokens processed (single epoch), 20 x M x N_total","nats/token, C4 validation (GPT-NeoX tokenizer)",C4 val (inverse-variance weights from token-level 95% CIs),0.023756019836125505,1.5073760689932425,0.47778264577535917,7.10593961995061e-10,1.7838527987728752,55.840303782524515,35.88953657588443,15.594588029210739,141.01082707390458,200.67258398720435,1927.1207243018787,121.07686914990063,1741.537928313024,0.20555589336725485,0.04864644493940532,0.0968968023782579,0.26909666228283036,0.24532977648355184,0.038648932100215055,0.21079086685979473,0.3607124233390238,0.5441063952303671,0.07427714727025435,0.4670629551713582,0.726828135249641,0.11184427615841476,0.017545664634200077,0.0693754242645495,0.13152654550446996,0.8160315369267087,0.01997804618923237,0.7886611483604719,0.8601036011088616,1.2335217883250662,0.4600831857431969,0.959160216877232,2.692848750942282,0.7895785262921067,0.12808077569147752,0.48550911322596374,1.0220130810500914,0.8103857682972144,0.02162220159832783,0.755304117437899,0.8419132643485013,0.8187684530550797,0.02281631046741131,0.7951599082594297,0.8756511142734652,-0.03977388311629698,0.06417000150348619,-0.22330656546209102,0.03474467783302327,10.49893473530174,9.524195372302243,0.8083970916042219,29.043962045850318,6.993903811774743,14.783040808724362,0.12659622803725687,40.58685499101681,4.659014629730572,25.405282910094297,0.016738020437034283,51.832825005874106,data/processed/m2_techpanel/boot/gadre__RefinedWeb_wls__nls.npy,15
olmo_ladder|all,olmo_ladder,all,huber,primary,30,30,25,"(size, multiplier) cell (reruns clustered with originals)",400,0,0.00010643838767047013,736898937.2376164,28308625992.137432,190354176.0,3169537280.0,1908932608.0,633939689472.0,10.01023487188641,200.0293179803946,0.9383966764815819,0.688680015361844,-1.0306386875864204,-1.1235888545713966,-0.7603539389404417,-0.013966989654715429,-0.05363380804736229,0.12500688920720934,0.0,"excl. input embedding only (incl. LM head; OLMo MODEL_PARAMS; vocab 100,352)",tokens processed at final step (single epoch),"nats/token, C4-en validation (dolma2 tokenizer)",C4-en val,0.0053862216798040196,1.857445220974247,0.5762035939372154,3.7887922529900136e-08,2.0252177733435905,114.28773653251328,459910.69638185727,6.303564553715908,6387.803194425513,34.027736531518464,27.38085442714055,8.287220995620185,105.1003034192709,0.2672694736613109,0.11796456788848107,0.04622838856959462,0.5031385446437083,0.15705713365721477,0.041334652106568955,0.04613769463781697,0.21581012784609718,0.3701326547720304,0.17717735334779797,0.11301595925232755,0.8166063211321741,0.09892515982578426,0.021693520030414942,0.036893292756857994,0.11625949448257754,0.8249713524417156,0.03384090994405548,0.7631553978314599,0.8948837116173451,0.48754216479933066,0.5672445969277362,0.23048449195752102,2.510026950019204,0.776756068704643,0.4250202800304839,0.5716939619404098,2.6499886602761067,0.8193146375240125,0.04133245388185093,0.7261387865261356,0.8859276280703334,0.833794324251547,0.0285473946814084,0.8025411400454201,0.912131031995241,0.1102123400040961,0.14572048743625485,-0.16033227972511485,0.4114323125619278,48.309744290280214,71.80077022188075,5.928531430194479,297.7603395593111,159.773268474867,2159.376046639494,0.5968951020528035,7753.39440803394,528.4130084761802,87399.10818187885,0.0369010915727826,267810.1478641506,data/processed/m2_techpanel/boot/olmo_ladder__all__huber.npy,16
olmo_ladder|all,olmo_ladder,all,nls,primary,30,30,25,"(size, multiplier) cell (reruns clustered with originals)",400,0,0.00040841551805801497,736898937.2376164,28308625992.137432,190354176.0,3169537280.0,1908932608.0,633939689472.0,10.01023487188641,200.0293179803946,0.9383966764815819,0.688680015361844,-0.9830068416520501,-1.0691742374141373,-0.8071285750827984,0.007932090842913549,-0.03089795901575348,0.09692424900698923,0.0,"excl. input embedding only (incl. LM head; OLMo MODEL_PARAMS; vocab 100,352)",tokens processed at final step (single epoch),"nats/token, C4-en validation (dolma2 tokenizer)",C4-en val,0.005218016980028736,1.7247549109637001,0.32704141053682195,0.7233939057058983,1.9351680979931076,110.46640779497454,459.39065382371547,8.895856754158057,1584.9968310422673,23.176828569135544,15.16472302323062,9.759359997754412,67.60110860010991,0.2657745894873228,0.08385977077366791,0.08773048673714452,0.41926711269776185,0.13422879709440427,0.030811534576881447,0.07362793396865419,0.1928662708265787,0.33556915165511775,0.125759878032372,0.17565972070259064,0.6741035064427721,0.08918575352574809,0.013520567547378888,0.050474440888614525,0.10682699234997635,0.8333321574385595,0.023653385068936047,0.7893841880423679,0.8814786198455079,0.48584588550433205,0.3040241270966997,0.2922017735534967,1.3673650519518616,0.9164431340615747,0.29718952473225124,0.6417049490670583,1.6857879565726095,0.8260621903986175,0.029672301879096988,0.763476562544633,0.8757476587041052,0.8435193168673506,0.01867247695337065,0.812792652084915,0.8883929968644607,0.13154579239291853,0.10638615408906721,-0.0995686094638281,0.318458792272229,59.70529551443062,42.85289715448411,9.778558619594364,171.77122675238707,271.47900302482185,982.7624375861755,2.8819160800955372,2635.7420929687914,1234.4105903560583,33362.94902820908,0.538223079159734,56385.22290141472,data/processed/m2_techpanel/boot/olmo_ladder__all__nls.npy,16
olmo_ladder|task_bpb,olmo_ladder,task_bpb,huber,robust,30,30,25,"(size, multiplier) cell (reruns clustered with originals)",200,0,0.00018252277685986852,736898937.2376164,28308625992.137432,190354176.0,3169537280.0,1908932608.0,633939689472.0,10.01023487188641,200.0293179803946,0.9383966764815819,0.688680015361844,-1.005783389054778,-1.1370124851176269,-0.8148449219907471,-0.0026429200072330006,-0.06007007973739413,0.09565977446030215,0.0,"excl. input embedding only (incl. LM head; OLMo MODEL_PARAMS; vocab 100,352)",tokens processed at final step (single epoch),bits/byte (task BPB),mean of 11 downstream val-task BPB,0.009780984722641235,0.6937028199771905,0.07516222370457264,0.4908668348730302,0.7722962059471945,542.5795321060006,293415.4709790337,7.28664300984617,157372.88766859632,56.18051957532017,599.9037769873175,16.193851441648352,985.1110378571826,0.4023247672691862,0.1285428255468788,0.15609999937120744,0.7094170666986952,0.21949353992286566,0.05104922462806554,0.1492802957022758,0.3559401678051126,0.3529866158396554,0.11557186266471399,0.18870551238475786,0.6786362209096969,0.142015258066827,0.019363477135910207,0.1020327848818171,0.1813370824066307,0.7628293671280316,0.03018351149009333,0.6888463374515824,0.8208053855592107,0.1468539305501924,0.08416386207079532,0.07353114470269295,0.4021148117500355,0.2854020557636532,0.06288600810179662,0.1707997957037378,0.44641775014496915,0.747165133556512,0.04375425049729255,0.6315242118696047,0.8088221318791107,0.7774007873157281,0.024112739749584295,0.7274880631217859,0.8352345354178158,0.18283122734632054,0.16411549363970815,-0.16004180291177872,0.5184173828284487,85.43295800894552,69.70065970556169,24.602627009698267,331.93145193107176,330.88644791500406,1416.7613469575326,5.263193029524304,5837.050062797847,1281.5410348117011,34194.03735354916,1.0603555523372126,98313.61682269543,data/processed/m2_techpanel/boot/olmo_ladder__task_bpb__huber.npy,17
olmo_ladder|task_bpb,olmo_ladder,task_bpb,nls,robust,30,30,25,"(size, multiplier) cell (reruns clustered with originals)",200,0,0.0012451774749550034,736898937.2376164,28308625992.137432,190354176.0,3169537280.0,1908932608.0,633939689472.0,10.01023487188641,200.0293179803946,0.9383966764815819,0.688680015361844,-0.9856357662410304,-1.142072315868798,-0.8451654579165566,0.006639176105485548,-0.06272798069997726,0.07349465178722601,0.0,"excl. input embedding only (incl. LM head; OLMo MODEL_PARAMS; vocab 100,352)",tokens processed at final step (single epoch),bits/byte (task BPB),mean of 11 downstream val-task BPB,0.009111082902908268,0.6800231726715752,0.09283913831859297,0.49311532629464266,0.7956468898194321,365.61234037130106,9319.146626364829,8.81563424163148,26306.577733284434,52.98076716407171,406.0808910719343,18.740622893555,553.6230314992384,0.38258383961299636,0.11883702987232464,0.15493840655129615,0.6160039907866349,0.21469809292454134,0.045211370989629546,0.158971246524423,0.3311333212545515,0.3594585424883049,0.11401519261707202,0.23016603944620065,0.6310757642712623,0.13752302936686706,0.02360446554150547,0.09115595783329795,0.19542961015823748,0.7700357727611055,0.0325179494766859,0.7023320245948389,0.8358011355456685,0.14807913626349986,0.09982864763550511,0.09075491065952017,0.38577013313806363,0.3020725145900492,0.05410335891285151,0.1915275629729793,0.4071619158020298,0.7543112926209169,0.04188837046786883,0.6591528213775119,0.8243795178087638,0.781119163872101,0.02868284594594477,0.7196144995536388,0.8483400535980147,0.16788574668845502,0.14117224393709796,-0.12162263705641707,0.3974635646461109,108.34647207919089,48.019378126982915,34.74887345467717,201.11550889795876,395.3489636222151,608.5555554437158,7.945538538735398,2160.6295203744135,1442.6016836332112,7919.127116941572,2.2569126992017643,26029.150924568326,data/processed/m2_techpanel/boot/olmo_ladder__task_bpb__nls.npy,17
datablations|single_epoch,datablations,single_epoch,huber,primary,33,33,33,run (pairs),400,0,0.0009374751731542337,600832351.0205574,6816332455.064898,7098752.0,8670000000.0,100000000.0,178000000000.0,0.03558718861209965,303.2944047411539,1.9705900669225807,0.53848036013337,-1.0153794688448492,-2.66869305051951,-0.630021911224186,-0.005371612894732758,-0.19731927574258343,0.1868156599137974,0.0325,Muennighoff PARAMS_MAP (as used by the authors; convention UNVERIFIED),tokens processed (single-epoch subset: D = unique tokens),"nats/token, C4 validation (GPT-2 tokenizer)",C4 val,0.04555949124701556,1.9029351880840768,0.35996904363971144,0.7499700846076611,2.311443352720202,430.90996729706825,140511.6744416162,8.099699839738895,69929.55324847106,5360.612850092812,54834.48598592645,327.05618621929483,99495.7555730512,0.3359415800487788,0.13134235600378047,0.07915771717624044,0.625834396855492,0.3868226314778093,0.0772746171382309,0.24622369305526695,0.5373501635052356,0.5351989283763525,0.12647926369390108,0.2724268115149396,0.85360624704581,0.17979557363916504,0.040763136821179734,0.06698770472319539,0.25582427920343603,0.734547630504754,0.030717718108340588,0.6573131892305816,0.7873965288765429,0.4844380891785043,0.35626772944469864,0.20188197631360302,1.6553195100189617,0.8421209266723839,0.2194164785227029,0.5142750135076128,1.1760430325563656,0.7307279251029503,0.036038811970454165,0.6197814779491684,0.7649234207717268,0.746973181590634,0.05436469471280355,0.6696259503576788,0.90994477115713,-0.050881051429030544,0.1778726687051978,-0.37355294106762554,0.36368212411195516,59.630130389394886,90.54441551631206,9.262393729547142,280.5129969775303,43.11913554311948,1602.5544995473551,1.0000479904528126,2057.7000937393104,31.179872286789017,45673.57119472041,0.05191736585842528,14386.854813810036,data/processed/m2_techpanel/boot/datablations__single_epoch__huber.npy,18
datablations|single_epoch,datablations,single_epoch,nls,primary,33,33,33,run (pairs),400,0,0.03004163478396951,600832351.0205574,6816332455.064898,7098752.0,8670000000.0,100000000.0,178000000000.0,0.03558718861209965,303.2944047411539,1.9705900669225807,0.53848036013337,-1.3153624809706208,-3.563794540001202,-0.7276876809060424,-0.08341372295545851,-0.29761309394652713,0.13742845736741438,0.0675,Muennighoff PARAMS_MAP (as used by the authors; convention UNVERIFIED),tokens processed (single-epoch subset: D = unique tokens),"nats/token, C4 validation (GPT-2 tokenizer)",C4 val,0.04266972156485678,2.0658231363612343,0.3044783583690135,1.337174196401949,2.312923726744825,480.68582917180885,2609055732.060066,19.308076849534622,331536.90920331684,8594.771263799279,12932.102635946541,92.21326764265766,38116.5200150455,0.35385885107922066,0.15231287802706486,0.15532435262231753,0.7099647114686827,0.4108224558127556,0.07461069089298034,0.17899923397457965,0.49083676693561124,0.537246630864472,0.12773590774650412,0.21859797825277724,0.736694237365426,0.19010947554388427,0.03683254715095673,0.10659983722775891,0.26022404528056103,0.7234106857142162,0.03091347763985277,0.6504184564682692,0.7748496150840735,0.3762025711690178,0.23682001701282046,0.1443557793850561,0.9160542903368344,0.7841350174977781,0.27813969593694776,0.5997845322680722,1.5401262224967216,0.7200321636608015,0.0458174247051642,0.5937302413093796,0.7613235985719855,0.7373716384540282,0.049111129265705024,0.6651749931284138,0.8618828387273426,-0.056963604733534956,0.20240480437985356,-0.29163395610097853,0.4872416603655351,86.83530108444971,181.05670901005513,16.907231436337852,604.5428263966123,61.61831116499229,5488.584274202921,2.803100182627647,5812.29749027404,43.72434048605769,210898.33602979727,0.3056801605708228,74372.47002334168,data/processed/m2_techpanel/boot/datablations__single_epoch__nls.npy,18
datablations|single_epoch_M04,datablations,single_epoch_M04,huber,robust,31,31,31,run (pairs),200,0,0.0006338129159963545,560682350.7415748,8950439512.904442,7098752.0,8670000000.0,100000000.0,178000000000.0,1.3682386208154702,303.2944047411539,1.5051851449104214,0.7103476636447442,-0.9175557504983488,-1.3201530758617535,-0.63582559345464,0.032255419318743886,-0.12664064777124262,0.14612834813869477,0.035,Muennighoff PARAMS_MAP (as used by the authors; convention UNVERIFIED),tokens processed (single epoch; runs with D/N < 0.4 dropped),"nats/token, C4 validation (GPT-2 tokenizer)",C4 val,0.03238430760771888,1.8040515855669403,0.32067083763438625,0.9380348377723855,2.1456884018225684,6096.996110090834,336615.8691415556,721.9576044555114,616092.7361495773,506.82084685177784,1882.7806275603955,37.22941741256317,5815.998462683278,0.4839403531554294,0.09311244075842415,0.3605505626274811,0.7553579998744078,0.27227407406981374,0.06559496926910324,0.12811733239853146,0.3905235950604627,0.36004876959153176,0.08645296011927221,0.13883125949213332,0.5000918952129264,0.17424212870930372,0.02608839368378219,0.11016514947074013,0.22429115848001915,0.7256329479464538,0.016349627916786163,0.6752676712446046,0.7366792799058479,0.35584328819012034,0.08815846112339473,0.1764856856678104,0.5119020205372367,0.9890659736440431,0.3790002184439637,0.6186706019444448,2.0062178571059652,0.6891615598415572,0.03538896084087938,0.5860241749386121,0.7256898447878641,0.7448234332505991,0.03058025911144219,0.7037456503334742,0.8354647865380146,0.21166627908561564,0.1468878952789813,-0.00016228974576258505,0.6157913401772189,138.83536513735197,248.218335998136,27.736127220340784,866.8749579895673,503.8543686438217,8088.404132916335,23.955828813602846,18715.90925420517,1828.5630937787894,297829.2798471229,29.00607710908194,558443.9432752691,data/processed/m2_techpanel/boot/datablations__single_epoch_M04__huber.npy,19
datablations|single_epoch_M04,datablations,single_epoch_M04,nls,robust,31,31,31,run (pairs),200,0,0.014085378983345985,560682350.7415748,8950439512.904442,7098752.0,8670000000.0,100000000.0,178000000000.0,1.3682386208154702,303.2944047411539,1.5051851449104214,0.7103476636447442,-0.9243946837062279,-1.237680936493178,-0.5402813437738576,0.02947794277515709,-0.07496266878385809,0.17591277988563261,0.015,Muennighoff PARAMS_MAP (as used by the authors; convention UNVERIFIED),tokens processed (single epoch; runs with D/N < 0.4 dropped),"nats/token, C4 validation (GPT-2 tokenizer)",C4 val,0.030145217331407816,1.8147944426963092,0.3941296829940232,0.2124808129839973,2.136107860757866,22795.32075860565,7462720.049606058,2575.053653591757,5186344.116243378,329.323441042987,1340.2307219326476,24.924907932731717,3506.3700361221895,0.5609145458759132,0.10591236893563934,0.43262711815303634,0.8603085590243856,0.2501353842089976,0.0654005608828755,0.09850812334177624,0.3721801540858989,0.3084093530256643,0.0833755503083749,0.12183126145690677,0.458141313779336,0.17299129219627468,0.028835584679243832,0.08653326172589317,0.2140451404104523,0.7114779351996738,0.018479939667959456,0.6496842868104122,0.7271864325139787,0.28220398934095176,0.07169942468993881,0.1508455041636306,0.42347464664411627,1.0673681306946396,0.4424012632267272,0.6889069734051619,2.7657013287445045,0.6564299739529751,0.03973452913890883,0.5462526665630284,0.7083341673677233,0.7428149804993883,0.03576508908810308,0.7097178884966442,0.8555603662366734,0.31077916166691555,0.15742838326445266,0.063484041916588,0.6790362746782295,221.76725157005217,268.11738796349704,50.8103471931288,1045.549126182193,1294.9708785428209,8887.895777784326,86.88478225140989,32917.700634715125,7561.754787515367,314913.3708583466,126.71982678643839,1233524.243768903,data/processed/m2_techpanel/boot/datablations__single_epoch_M04__nls.npy,19
datablations|le4_epochs,datablations,le4_epochs,huber,robust,65,65,65,run (pairs),200,0,0.001451565562037992,687879808.6326172,7200037111.953929,7098752.0,8670000000.0,100000000.0,178000000000.0,0.03558718861209965,303.2944047411539,1.5057049666429911,0.7465235811192672,-1.014847479238336,-1.6860302161004137,-0.890620022420452,-0.005853996772573745,-0.13863611198939083,0.053462735422541756,0.0,Muennighoff PARAMS_MAP (as used by the authors; convention UNVERIFIED),tokens processed incl. up to 4 epochs of repetition (treated as unique),"nats/token, C4 validation (GPT-2 tokenizer)",C4 val,0.03687609858403972,1.9270719834453174,0.10461259892636326,1.822759011082655,2.1301498802506966,539.3210627795961,2491.1333431426883,80.0261408277638,8081.533288014419,4965.85636994433,10796.198364074738,710.7980703486365,41488.473730306774,0.350837526826561,0.0635952293904964,0.2458128224058705,0.5092341567087584,0.38263637953071716,0.04606758864719858,0.28976302375873203,0.4933617790040602,0.5216768806828329,0.06685678651176083,0.3730266623079615,0.6502241313812729,0.18302382662136005,0.01570909950853833,0.15976822824679962,0.21791790340374811,0.7316696879193074,0.013585902140746271,0.6939796909350563,0.744260851982248,0.4278744276359651,0.11494488962713385,0.23278478904133973,0.6201654645671635,0.8398839445792483,0.1028078114749318,0.5992766113018314,1.0111137887885262,0.7295069838158661,0.01965795633108377,0.664564911617024,0.7410793285715325,0.7393662847645355,0.023735512352127782,0.7055660756394385,0.7975731917072375,-0.031798852704156166,0.09819634494558001,-0.2062785526072904,0.20615977762124135,71.62070236576747,52.26111160512648,24.532785430069573,225.91836053276552,58.65851348760123,129.80041185444702,7.693087806487927,498.47748977097575,48.04227117185749,412.8278798064012,3.0293376506393317,1667.3934725698114,data/processed/m2_techpanel/boot/datablations__le4_epochs__huber.npy,20
datablations|le4_epochs,datablations,le4_epochs,nls,robust,65,65,65,run (pairs),200,0,0.04122082475848447,687879808.6326172,7200037111.953929,7098752.0,8670000000.0,100000000.0,178000000000.0,0.03558718861209965,303.2944047411539,1.5057049666429911,0.7465235811192672,-1.257672625381801,-2.3439312204868905,-0.8310598884175401,-0.08188114091531362,-0.18034981732616334,0.0897661554888815,0.01,Muennighoff PARAMS_MAP (as used by the authors; convention UNVERIFIED),tokens processed incl. up to 4 epochs of repetition (treated as unique),"nats/token, C4 validation (GPT-2 tokenizer)",C4 val,0.03561366408405395,2.0446020320581755,0.09030569021664975,1.8190172079064009,2.1640262542213744,788.4586035181043,2251.459375416925,56.227519366150965,7013.488873672569,7019.3255335034555,6613.748444312558,832.1379034149815,23862.930921133157,0.3808354116991733,0.073969384708811,0.21730040358156238,0.5076950893299063,0.40034447708783966,0.042647251079772575,0.2957674082839264,0.4626232570899824,0.5124869224545445,0.07419081000500717,0.3772130836413773,0.6685874478922811,0.19517316810341878,0.016850010508568446,0.1445077534295289,0.21359125125346753,0.7191192515318678,0.013535456506867327,0.6989833695808539,0.7521575704775479,0.3397356811907311,0.11585250652686539,0.19719054123912483,0.6869729465277795,0.7942658023218396,0.10144750452110081,0.649761830763558,1.0163278218181595,0.7180167283167836,0.018883712874180836,0.6688796134872435,0.7394199808283576,0.7237779929193308,0.028701119463212896,0.7010355642720452,0.8142616346753767,-0.01950906538866637,0.10913337502441112,-0.23578484053269394,0.19040060439746725,95.83212654322118,83.81757225829442,23.99150699439698,370.72380260017,85.42076088027787,197.05926328021914,4.824348819704634,690.7740663985497,76.14050373884513,592.6463046813357,1.0667152002253104,1687.2395792242824,data/processed/m2_techpanel/boot/datablations__le4_epochs__nls.npy,20
