truth,noise_sd,rho_trunk,statistic,corpus,conv,n_rep,mean,mc_se_of_mean,sd
chin,0.0,0.5,mean,edu,P,1,0.0062360663228159,,
chin,0.002,0.0,mean,edu,P,150,0.004154767695845624,0.003139625461666107,0.038452401822660146
chin,0.002,0.5,mean,edu,P,500,0.005802942794714388,0.0013079794944430168,0.029247310627503943
chin,0.002,0.9,mean,edu,P,150,0.004987690151094074,0.001725585945197494,0.021134025365260385
chin,0.005,0.0,mean,edu,P,150,-0.005962554963903695,0.007110593576021443,0.08708663014782242
chin,0.005,0.5,mean,edu,P,500,-0.018301896814414204,0.0034915470094940464,0.07807336459864792
chin,0.005,0.9,mean,edu,P,150,-0.01965728427642811,0.005147289240175315,0.06304116098473826
chin,0.0075,0.0,mean,edu,P,150,0.0026543132560950524,0.010163769258915325,0.12448024273864036
chin,0.0075,0.5,mean,edu,P,500,-0.030475000327891792,0.005092998933174675,0.11388291823912483
chin,0.0075,0.9,mean,edu,P,150,-0.01622633858385526,0.007360459712621498,0.09014685284117589
chin,0.01,0.0,mean,edu,P,150,-0.04821924717664514,0.01402258532321699,0.17174089458260977
chin,0.01,0.5,mean,edu,P,500,-0.038476278475350074,0.0067559552584411445,0.1510677521082156
chin,0.01,0.9,mean,edu,P,150,-0.031547138630121485,0.009805118915976583,0.12008769105726975
chin,0.015,0.0,mean,edu,P,150,-0.052160739605964526,0.019562138934376274,0.23958629333327067
chin,0.015,0.5,mean,edu,P,500,-0.05956273183555402,0.009758275617860445,0.21820167624714717
chin,0.015,0.9,mean,edu,P,150,-0.03270742079361026,0.015445642998805808,0.18916972048132816
kappa36,0.0,0.5,mean,edu,P,1,-0.8078113721121963,,
kappa36,0.005,0.5,mean,edu,P,150,-0.9085167191601918,0.014011334438464187,0.17160309994861364
kappa60,0.0,0.5,mean,edu,P,1,-0.5005664511211829,,
kappa60,0.005,0.5,mean,edu,P,150,-0.5750279356186642,0.009630196779568109,0.11794534116267838
chin,0.0,0.5,mean,web,P,1,0.0024387644650206,,
chin,0.002,0.0,mean,web,P,150,0.0058399953367347076,0.0021490808572292783,0.02632075758097398
chin,0.002,0.5,mean,web,P,500,0.004340571497430298,0.001105277054433648,0.02471474627684372
chin,0.002,0.9,mean,web,P,150,0.003925303352807571,0.0016955308199116084,0.020765926759731185
chin,0.005,0.0,mean,web,P,150,0.009074396003542807,0.005974068774284624,0.0731671009264573
chin,0.005,0.5,mean,web,P,500,-0.009779527013791695,0.0028260259340245142,0.0631918609465615
chin,0.005,0.9,mean,web,P,150,-0.005648397016344663,0.004003770823053501,0.04903597781762056
chin,0.0075,0.0,mean,web,P,150,-0.007030608184111268,0.007340056869854393,0.08989697007076768
chin,0.0075,0.5,mean,web,P,500,-0.012158981016222217,0.00411967667236216,0.0921187708472192
chin,0.0075,0.9,mean,web,P,150,-0.02585175197403637,0.00756390659811813,0.0926385581373018
chin,0.01,0.0,mean,web,P,150,-0.008021096051396533,0.009582356076040698,0.11735941459978877
chin,0.01,0.5,mean,web,P,500,-0.009634804517584807,0.005983286384408787,0.13379035084386987
chin,0.01,0.9,mean,web,P,150,-0.011975771460122414,0.008949921281157187,0.10961370188455705
chin,0.015,0.0,mean,web,P,150,-0.0018222866570831143,0.016771395652690233,0.20540680811711554
chin,0.015,0.5,mean,web,P,500,-0.015892300548781598,0.008045552205860207,0.17990401648826804
chin,0.015,0.9,mean,web,P,150,-0.01001858720304565,0.013085357605073263,0.16026224617138404
kappa36,0.0,0.5,mean,web,P,1,-0.8163863228860995,,
kappa36,0.005,0.5,mean,web,P,150,-0.8814162444567506,0.012216996039107194,0.14962703242707892
kappa60,0.0,0.5,mean,web,P,1,-0.5047336971230544,,
kappa60,0.005,0.5,mean,web,P,150,-0.551497503685352,0.007677740120815039,0.09403272836845658
chin,0.0,0.5,mean,edu,T,1,0.1325856116676926,,
chin,0.002,0.0,mean,edu,T,150,0.14535148231414244,0.0027397640896365963,0.03355512017605267
chin,0.002,0.5,mean,edu,T,500,0.14258129580704496,0.001437031446833023,0.03213300000923514
chin,0.002,0.9,mean,edu,T,150,0.13234240651817372,0.0018846158495232491,0.02308173596246902
chin,0.005,0.0,mean,edu,T,150,0.14957967718785967,0.007382240374267456,0.09041361037763992
chin,0.005,0.5,mean,edu,T,500,0.14419674497752732,0.003314892593397611,0.07412325176947629
chin,0.005,0.9,mean,edu,T,150,0.13592792271893314,0.004861337532449624,0.05953898210971119
chin,0.0075,0.0,mean,edu,T,150,0.15532657169375635,0.010627214242868823,0.1301562614113324
chin,0.0075,0.5,mean,edu,T,500,0.14670853771409595,0.005166737216268415,0.11553175637454208
chin,0.0075,0.9,mean,edu,T,150,0.16530393186644768,0.0069070354353761194,0.08459356225996874
chin,0.01,0.0,mean,edu,T,150,0.1523323090161084,0.01542699653087756,0.1889413488216813
chin,0.01,0.5,mean,edu,T,500,0.14415984003991247,0.00620821998524658,0.13882001906284094
chin,0.01,0.9,mean,edu,T,150,0.16024454447066339,0.00911180915194949,0.11159641527949081
chin,0.015,0.0,mean,edu,T,150,0.19695290286660722,0.02509385436045814,0.3073356943141857
chin,0.015,0.5,mean,edu,T,500,0.135280180971837,0.00988734301551154,0.2210877109954156
chin,0.015,0.9,mean,edu,T,150,0.16874019438167537,0.015906085602615843,0.19480896765719347
kappa36,0.0,0.5,mean,edu,T,1,-0.5845667042681126,,
kappa36,0.005,0.5,mean,edu,T,150,-0.5835539283069406,0.015201560267568477,0.18618032974854645
kappa60,0.0,0.5,mean,edu,T,1,-0.2805579065222077,,
kappa60,0.005,0.5,mean,edu,T,150,-0.29843932769631465,0.009556277786842092,0.11704002209028216
chin,0.0,0.5,mean,web,T,1,0.1285349679666465,,
chin,0.002,0.0,mean,web,T,150,0.13641872799228974,0.002211700786027764,0.027087691947402504
chin,0.002,0.5,mean,web,T,500,0.1356136166089065,0.0012179538871552968,0.02723427685139352
chin,0.002,0.9,mean,web,T,150,0.130764198136204,0.0019260427236904125,0.0235891094792092
chin,0.005,0.0,mean,web,T,150,0.13466875898953706,0.005632850582304881,0.0689880486199303
chin,0.005,0.5,mean,web,T,500,0.13663988291609666,0.002636092400848623,0.05894481803268146
chin,0.005,0.9,mean,web,T,150,0.14289511959666684,0.004259271912139877,0.05216521430255561
chin,0.0075,0.0,mean,web,T,150,0.13596663300521622,0.008487817798285878,0.10395411317756878
chin,0.0075,0.5,mean,web,T,500,0.14157796320144353,0.004012753838229757,0.08972790359254931
chin,0.0075,0.9,mean,web,T,150,0.1449956221830892,0.006658466748337485,0.08154923001357765
chin,0.01,0.0,mean,web,T,150,0.15101965388171043,0.012006273201928897,0.14704621528588688
chin,0.01,0.5,mean,web,T,500,0.14590782312727146,0.0054198371904745175,0.12119124384882497
chin,0.01,0.9,mean,web,T,150,0.14999251318682705,0.008309657546464023,0.10177210463052228
chin,0.015,0.0,mean,web,T,150,0.2654632494312935,0.018555577881800574,0.22725848846442456
chin,0.015,0.5,mean,web,T,500,0.17093561685676867,0.008297171773003553,0.185530401054284
chin,0.015,0.9,mean,web,T,150,0.14428237610720648,0.010886052792899056,0.13332637327801203
kappa36,0.0,0.5,mean,web,T,1,-0.5987096519864712,,
kappa36,0.005,0.5,mean,web,T,150,-0.5818450391138286,0.012752741267459749,0.156188544635052
kappa60,0.0,0.5,mean,web,T,1,-0.2882073360576179,,
kappa60,0.005,0.5,mean,web,T,150,-0.2995226057112693,0.007836758952618868,0.0959803033555208
chin,0.0,0.5,mean_main,edu,P,1,-0.0025692652819989,,
chin,0.002,0.0,mean_main,edu,P,150,-0.01675370054426694,0.0031108683113022567,0.03810020009842052
chin,0.002,0.5,mean_main,edu,P,500,-0.016762622051591975,0.0013708506810233734,0.03065315309770144
chin,0.002,0.9,mean_main,edu,P,150,-0.016974434354096093,0.0018338330258075703,0.022459775933463412
chin,0.005,0.0,mean_main,edu,P,150,-0.041794820658246155,0.007790923285010508,0.09541893336721931
chin,0.005,0.5,mean_main,edu,P,500,-0.0394293880280809,0.0029625721651934263,0.06624512749621238
chin,0.005,0.9,mean_main,edu,P,150,-0.03794926598603384,0.004519620651324866,0.05535382213345643
chin,0.0075,0.0,mean_main,edu,P,150,-0.02161833218859401,0.010489539448125137,0.1284700964235102
chin,0.0075,0.5,mean_main,edu,P,500,-0.04844231532539033,0.004587825420644523,0.1025868950946272
chin,0.0075,0.9,mean_main,edu,P,150,-0.028942960154530788,0.006259573349075477,0.07666380356379664
chin,0.01,0.0,mean_main,edu,P,150,-0.08369667140980809,0.013707905332365993,0.16788686753336665
chin,0.01,0.5,mean_main,edu,P,500,-0.054051081172120125,0.005915096953460661,0.13226558881439948
chin,0.01,0.9,mean_main,edu,P,150,-0.0399574177827617,0.009069424975771182,0.11107731725546542
chin,0.015,0.0,mean_main,edu,P,150,-0.10597605310005527,0.01870177381920266,0.22904901570993946
chin,0.015,0.5,mean_main,edu,P,500,-0.07289890122174258,0.00904686606159387,0.20229407497059693
chin,0.015,0.9,mean_main,edu,P,150,-0.028530268029399283,0.01369413663269076,0.16771823609023692
kappa36,0.0,0.5,mean_main,edu,P,1,-0.7568701304860163,,
kappa36,0.005,0.5,mean_main,edu,P,150,-0.8390746617544123,0.012799056079691364,0.15675578292255335
kappa60,0.0,0.5,mean_main,edu,P,1,-0.4734780754987264,,
kappa60,0.005,0.5,mean_main,edu,P,150,-0.5444937216873429,0.008502756765774812,0.10413707741572835
chin,0.0,0.5,mean_main,web,P,1,-0.0021380825353539,,
chin,0.002,0.0,mean_main,web,P,150,-0.014317831315163714,0.0027499704658424397,0.03368012224518867
chin,0.002,0.5,mean_main,web,P,500,-0.014233434413084852,0.0012483296838769421,0.02791350031479666
chin,0.002,0.9,mean_main,web,P,150,-0.009122378355273589,0.0017261853676373271,0.02114136676085021
chin,0.005,0.0,mean_main,web,P,150,-0.037654790343100326,0.005748476182908002,0.07040416723333273
chin,0.005,0.5,mean_main,web,P,500,-0.03132583395733524,0.0027335710415382504,0.0611245067020443
chin,0.005,0.9,mean_main,web,P,150,-0.02622623577116738,0.004114181687994083,0.05038822922343945
chin,0.0075,0.0,mean_main,web,P,150,-0.042349399268361114,0.008429201730568199,0.10323621589438509
chin,0.0075,0.5,mean_main,web,P,500,-0.03298311792213501,0.003740176415438354,0.08363288712761653
chin,0.0075,0.9,mean_main,web,P,150,-0.03591986949693328,0.007060155463659236,0.08646889195343956
chin,0.01,0.0,mean_main,web,P,150,-0.04372585898480722,0.010919310277822327,0.13373369261896362
chin,0.01,0.5,mean_main,web,P,500,-0.039446165626243763,0.005386843881792162,0.12045349103866118
chin,0.01,0.9,mean_main,web,P,150,-0.021660392635368068,0.00894791737579159,0.10958915915636436
chin,0.015,0.0,mean_main,web,P,150,-0.04700308760254457,0.018568548022370308,0.2274173395958647
chin,0.015,0.5,mean_main,web,P,500,-0.04683049633203004,0.008274537602036643,0.1850242856053204
chin,0.015,0.9,mean_main,web,P,150,-0.023953593110423197,0.01200861932450131,0.14707494930176906
kappa36,0.0,0.5,mean_main,web,P,1,-0.7586175818714967,,
kappa36,0.005,0.5,mean_main,web,P,150,-0.842374983461504,0.011220007468650758,0.1374164660420534
kappa60,0.0,0.5,mean_main,web,P,1,-0.4739409752554567,,
kappa60,0.005,0.5,mean_main,web,P,150,-0.529448637486389,0.007190169118842072,0.08806122752740009
chin,0.0,0.5,mean_main,edu,T,1,-0.0453506405853676,,
chin,0.002,0.0,mean_main,edu,T,150,-0.04652011484685833,0.004270009924927293,0.05229672756345886
chin,0.002,0.5,mean_main,edu,T,500,-0.05095671530994183,0.0020319657439033002,0.04543613531318708
chin,0.002,0.9,mean_main,edu,T,150,-0.05804009171215069,0.0021858026386846106,0.026770505716031793
chin,0.005,0.0,mean_main,edu,T,150,-0.07883009850440713,0.011866173116177506,0.1453303466708315
chin,0.005,0.5,mean_main,edu,T,500,-0.07333037670051998,0.0041648488007609685,0.09312885034510004
chin,0.005,0.9,mean_main,edu,T,150,-0.07208610891888846,0.004000468294220068,0.04899553026510686
chin,0.0075,0.0,mean_main,edu,T,150,-0.057683083471940684,0.015331500002602161,0.18777175998927131
chin,0.0075,0.5,mean_main,edu,T,500,-0.07644275233017117,0.006006242730399744,0.1343036703453777
chin,0.0075,0.9,mean_main,edu,T,150,-0.05465193124923026,0.005814186022722388,0.07120894512645906
chin,0.01,0.0,mean_main,edu,T,150,-0.12505539077016517,0.020150487374074825,0.2467920606743911
chin,0.01,0.5,mean_main,edu,T,500,-0.09167180990860437,0.007826136805402137,0.17499773898092222
chin,0.01,0.9,mean_main,edu,T,150,-0.06984422096292714,0.008141280055964453,0.09970990995105093
chin,0.015,0.0,mean_main,edu,T,150,-0.16765162566407515,0.028136059534408203,0.34459494615934866
chin,0.015,0.5,mean_main,edu,T,500,-0.12563910690131905,0.012042384385939204,0.26927590098142123
chin,0.015,0.9,mean_main,edu,T,150,-0.04517185297585758,0.012948855161229338,0.1585904394910814
kappa36,0.0,0.5,mean_main,edu,T,1,-0.78392302132292,,
kappa36,0.005,0.5,mean_main,edu,T,150,-0.8534781162350028,0.020728217248884254,0.2538677776866166
kappa60,0.0,0.5,mean_main,edu,T,1,-0.4984279716790805,,
kappa60,0.005,0.5,mean_main,edu,T,150,-0.5795814344723317,0.014014862827071652,0.17164631370712632
chin,0.0,0.5,mean_main,web,T,1,-0.0452139092154905,,
chin,0.002,0.0,mean_main,web,T,150,-0.04790986926817189,0.0037544685156131142,0.04598266059298354
chin,0.002,0.5,mean_main,web,T,500,-0.04967150359108344,0.0017773435351164963,0.03974260963890271
chin,0.002,0.9,mean_main,web,T,150,-0.04914118474260343,0.0017314005899716305,0.02120523992892126
chin,0.005,0.0,mean_main,web,T,150,-0.08909130355964677,0.007955548293119624,0.0974351697110637
chin,0.005,0.5,mean_main,web,T,500,-0.06679386740547948,0.003520129901392599,0.07871249749143483
chin,0.005,0.9,mean_main,web,T,150,-0.061213906542790235,0.003917237275954535,0.04797616263749275
chin,0.0075,0.0,mean_main,web,T,150,-0.08277076567579021,0.012899111963933785,0.15798121223333791
chin,0.0075,0.5,mean_main,web,T,500,-0.06649495092217718,0.00501506080740344,0.11214016876649073
chin,0.0075,0.9,mean_main,web,T,150,-0.059404289078981286,0.005650521898789474,0.06920447716228272
chin,0.01,0.0,mean_main,web,T,150,-0.0836374720418088,0.014760432388167644,0.18077763866930627
chin,0.01,0.5,mean_main,web,T,500,-0.08125298967749651,0.0069357543890543605,0.15508818289168075
chin,0.01,0.9,mean_main,web,T,150,-0.06000849283161288,0.006955245953916384,0.08518401811326191
chin,0.015,0.0,mean_main,web,T,150,-0.0930232515688153,0.02748554746769602,0.33662783298450777
chin,0.015,0.5,mean_main,web,T,500,-0.07551562039356047,0.009868483620348853,0.22066600209943263
chin,0.015,0.9,mean_main,web,T,150,-0.058427517130107326,0.009911501734352162,0.1213906091693665
kappa36,0.0,0.5,mean_main,web,T,1,-0.7819312934472183,,
kappa36,0.005,0.5,mean_main,web,T,150,-0.8413630602309838,0.015987904762109845,0.19581104361691196
kappa60,0.0,0.5,mean_main,web,T,1,-0.4996962713242894,,
kappa60,0.005,0.5,mean_main,web,T,150,-0.5502960075525304,0.01043125792941463,0.12775629651213413
chin,0.0,0.5,slope,edu,P,1,-0.0063514071575409,,
chin,0.002,0.0,slope,edu,P,150,-0.025659853260262575,0.003890728601352026,0.04765149900482464
chin,0.002,0.5,slope,edu,P,500,-0.02272294716130172,0.0013353095096632663,0.029858428346089757
chin,0.002,0.9,slope,edu,P,150,-0.019548957872026918,0.0013300076640832192,0.0162892006549743
chin,0.005,0.0,slope,edu,P,150,-0.04445155090939797,0.006947307920808727,0.08508679745988652
chin,0.005,0.5,slope,edu,P,500,-0.05199045188140702,0.003121698367426824,0.06980329754816494
chin,0.005,0.9,slope,edu,P,150,-0.053270815584689914,0.0034110155976546414,0.04177623859464238
chin,0.0075,0.0,slope,edu,P,150,-0.04779291403738151,0.008460588135954598,0.10362061928466917
chin,0.0075,0.5,slope,edu,P,500,-0.06905671902428966,0.004167221067437435,0.0931818958405934
chin,0.0075,0.9,slope,edu,P,150,-0.06477178617634055,0.0051871666909428125,0.0635295580178549
chin,0.01,0.0,slope,edu,P,150,-0.08720628746113818,0.011704023275626934,0.14334442481471873
chin,0.01,0.5,slope,edu,P,500,-0.09206314256465034,0.005772276908456511,0.1290720355226109
chin,0.01,0.9,slope,edu,P,150,-0.07768565257279893,0.007006531065259785,0.08581212988422769
chin,0.015,0.0,slope,edu,P,150,-0.09802414694321072,0.01487315379063672,0.18215818826500693
chin,0.015,0.5,slope,edu,P,500,-0.10747759331105013,0.006845271214835768,0.15306491760795346
chin,0.015,0.9,slope,edu,P,150,-0.09442837835064398,0.010180629184434013,0.12468673381175094
kappa36,0.0,0.5,slope,edu,P,1,-0.194413641989845,,
kappa36,0.005,0.5,slope,edu,P,150,-0.3407661390939082,0.015132690609187713,0.18533685213958312
kappa60,0.0,0.5,slope,edu,P,1,-0.1253152977869521,,
kappa60,0.005,0.5,slope,edu,P,150,-0.25298867580787826,0.010960514279694659,0.1342383365187031
chin,0.0,0.5,slope,web,P,1,-0.0036680019463136,,
chin,0.002,0.0,slope,web,P,150,-0.015172799869235485,0.00233246766919301,0.028566778155308326
chin,0.002,0.5,slope,web,P,500,-0.014012927686442255,0.0010635644210096851,0.023782023438278614
chin,0.002,0.9,slope,web,P,150,-0.012372695928831013,0.0010798855753372232,0.013225843200840196
chin,0.005,0.0,slope,web,P,150,-0.024523600653181134,0.005280629190493223,0.06467423518777293
chin,0.005,0.5,slope,web,P,500,-0.03406961911158627,0.002237983254912023,0.05004282690489524
chin,0.005,0.9,slope,web,P,150,-0.028053242978955718,0.0028687320772062784,0.035134648989549294
chin,0.0075,0.0,slope,web,P,150,-0.04221185999659524,0.007003946425009948,0.08578047463532389
chin,0.0075,0.5,slope,web,P,500,-0.043505162451060626,0.0034606303841381997,0.07738204783934224
chin,0.0075,0.9,slope,web,P,150,-0.04557378512911014,0.004081449069179191,0.04998733815323189
chin,0.01,0.0,slope,web,P,150,-0.053875591020943074,0.007958743093822274,0.09747429786882059
chin,0.01,0.5,slope,web,P,500,-0.0450373451070675,0.004603062978285576,0.10292761724159186
chin,0.01,0.9,slope,web,P,150,-0.047972190148970896,0.00611765210827791,0.07492563044571313
chin,0.015,0.0,slope,web,P,150,-0.05044621258976411,0.013322167563325991,0.1631625639900289
chin,0.015,0.5,slope,web,P,500,-0.05554161743535286,0.005934505836785446,0.1326995846392153
chin,0.015,0.9,slope,web,P,150,-0.05289839200320738,0.007576012930381656,0.09278682982081297
kappa36,0.0,0.5,slope,web,P,1,-0.2017182764562861,,
kappa36,0.005,0.5,slope,web,P,150,-0.298363668434965,0.012350395190661397,0.15126083169421892
kappa60,0.0,0.5,slope,web,P,1,-0.1304073233125927,,
kappa60,0.005,0.5,slope,web,P,150,-0.2109581820907425,0.008599978249084232,0.1053277925464513
chin,0.0,0.5,slope,edu,T,1,0.1075034257926043,,
chin,0.002,0.0,slope,edu,T,150,0.11248670188634383,0.0017713669681040654,0.021694726095379226
chin,0.002,0.5,slope,edu,T,500,0.1113556223877721,0.0007645004708324586,0.01709475021611973
chin,0.002,0.9,slope,edu,T,150,0.10663276979254438,0.0010015280455627693,0.012266163373578434
chin,0.005,0.0,slope,edu,T,150,0.12257629105788605,0.004495668589966248,0.05506047049037419
chin,0.005,0.5,slope,edu,T,500,0.11488094920561588,0.001867206106744954,0.04175199782684446
chin,0.005,0.9,slope,edu,T,150,0.1045229961763912,0.0025727519424222477,0.031509647468443966
chin,0.0075,0.0,slope,edu,T,150,0.1178267123650573,0.008175872636766364,0.10013358081030434
chin,0.0075,0.5,slope,edu,T,500,0.11583142785817634,0.002933294368615457,0.06559045606241488
chin,0.0075,0.9,slope,edu,T,150,0.11499873869240072,0.003738970620418005,0.04579285091640779
chin,0.01,0.0,slope,edu,T,150,0.12066572510458703,0.009032038507947489,0.11061942840820027
chin,0.01,0.5,slope,edu,T,500,0.10956012878808741,0.003864861006292594,0.08642091933658483
chin,0.01,0.9,slope,edu,T,150,0.11577161937657104,0.004933010961300285,0.060416798753710164
chin,0.015,0.0,slope,edu,T,150,0.12400008223017854,0.015937826504331114,0.19519771272308467
chin,0.015,0.5,slope,edu,T,500,0.0985475787397182,0.006053163276975793,0.13535284566223263
chin,0.015,0.9,slope,edu,T,150,0.10829223178385855,0.008895098586199674,0.10894226373970625
kappa36,0.0,0.5,slope,edu,T,1,-0.0078509324462243,,
kappa36,0.005,0.5,slope,edu,T,150,-0.014434538506424038,0.010598549215688449,0.12980518796105775
kappa60,0.0,0.5,slope,edu,T,1,0.0545117671099258,,
kappa60,0.005,0.5,slope,edu,T,150,0.04083508511254436,0.005547584663636357,0.06794375865399262
chin,0.0,0.5,slope,web,T,1,0.1126622765682228,,
chin,0.002,0.0,slope,web,T,150,0.1157942884174156,0.0014711973648853982,0.018018414274482118
chin,0.002,0.5,slope,web,T,500,0.11519264768439738,0.0007147710686321301,0.015982766978116108
chin,0.002,0.9,slope,web,T,150,0.11263047883177153,0.001065195013320126,0.013045921295957197
chin,0.005,0.0,slope,web,T,150,0.12494412521143289,0.004182642178028148,0.051226695564061196
chin,0.005,0.5,slope,web,T,500,0.11525154503719584,0.0016340286540788135,0.03653799147702716
chin,0.005,0.9,slope,web,T,150,0.11786224333898553,0.002438515658585217,0.029865595466603275
chin,0.0075,0.0,slope,web,T,150,0.12102494525111827,0.006418520582360012,0.0786105016516678
chin,0.0075,0.5,slope,web,T,500,0.11948555056323874,0.0026120709061351584,0.05840768108167687
chin,0.0075,0.9,slope,web,T,150,0.116240722827177,0.003318078937379047,0.040638001614274416
chin,0.01,0.0,slope,web,T,150,0.11910310086324266,0.008974897566962759,0.10991959766402488
chin,0.01,0.5,slope,web,T,500,0.12403033232076455,0.003360983268116042,0.07515387058746872
chin,0.01,0.9,slope,web,T,150,0.11580921988435457,0.0048288325930283624,0.05914087953120035
chin,0.015,0.0,slope,web,T,150,0.1557534151149415,0.010767746611464618,0.13187742438835454
chin,0.015,0.5,slope,web,T,500,0.12266377860988706,0.005381165064019867,0.12032650881295431
chin,0.015,0.9,slope,web,T,150,0.10992025915965653,0.0063676385473542185,0.07798732653747467
kappa36,0.0,0.5,slope,web,T,1,-0.0237640963860138,,
kappa36,0.005,0.5,slope,web,T,150,-0.02515417336210886,0.00877107505805468,0.10742329193943154
kappa60,0.0,0.5,slope,web,T,1,0.0503518355726082,,
kappa60,0.005,0.5,slope,web,T,150,0.03675242744351153,0.0059876327320304255,0.07333322480330673
chin,0.0,0.5,slope_main,edu,P,1,-0.0027893981027302,,
chin,0.002,0.0,slope_main,edu,P,150,-0.012577602048526012,0.003676590313374531,0.045028851305134523
chin,0.002,0.5,slope_main,edu,P,500,-0.013415839522162146,0.0014260476191249951,0.03188739415515218
chin,0.002,0.9,slope_main,edu,P,150,-0.015070480561880864,0.001273391474356463,0.015595796774918522
chin,0.005,0.0,slope_main,edu,P,150,-0.03523343889258589,0.007723176873790959,0.09458921267025602
chin,0.005,0.5,slope_main,edu,P,500,-0.03290020301549766,0.003003150012020193,0.06715247573506462
chin,0.005,0.9,slope_main,edu,P,150,-0.025945554056175334,0.003125490746096594,0.03827928761863675
chin,0.0075,0.0,slope_main,edu,P,150,-0.018982567231023487,0.010022189997227936,0.12274625799216998
chin,0.0075,0.5,slope_main,edu,P,500,-0.03632909661657749,0.004064716059030726,0.09088981417227752
chin,0.0075,0.9,slope_main,edu,P,150,-0.025040619891526464,0.004012739716805059,0.04914582388386334
chin,0.01,0.0,slope_main,edu,P,150,-0.07791775642892261,0.015641207573094406,0.19156488757518658
chin,0.01,0.5,slope_main,edu,P,500,-0.05059153274067535,0.006197600331313656,0.13858255638192554
chin,0.01,0.9,slope_main,edu,P,150,-0.03423882753012184,0.006100047629781684,0.07471002049819536
chin,0.015,0.0,slope_main,edu,P,150,-0.09498985173465173,0.015836104010318878,0.1939518716946182
chin,0.015,0.5,slope_main,edu,P,500,-0.07274012927571726,0.00814935938621137,0.1822252156064459
chin,0.015,0.9,slope_main,edu,P,150,-0.02675181644176474,0.008911725684660313,0.10914590327536416
kappa36,0.0,0.5,slope_main,edu,P,1,-0.2099621785465948,,
kappa36,0.005,0.5,slope_main,edu,P,150,-0.3211660025518114,0.01701107657387213,0.20834228790699494
kappa60,0.0,0.5,slope_main,edu,P,1,-0.133259740021907,,
kappa60,0.005,0.5,slope_main,edu,P,150,-0.2286295169104963,0.012727268993700972,0.15587657426856455
chin,0.0,0.5,slope_main,web,P,1,-0.0022239446428042,,
chin,0.002,0.0,slope_main,web,P,150,-0.009853067484115031,0.002395947397815733,0.02934424287598842
chin,0.002,0.5,slope_main,web,P,500,-0.011653308681906853,0.0012165753090297487,0.02720345090738332
chin,0.002,0.9,slope_main,web,P,150,-0.009477242596447702,0.0012802373456379389,0.015679641232340467
chin,0.005,0.0,slope_main,web,P,150,-0.0445664780129634,0.006001705408187395,0.07350557918280676
chin,0.005,0.5,slope_main,web,P,500,-0.026344165663470476,0.002692298070198388,0.06020161500655097
chin,0.005,0.9,slope_main,web,P,150,-0.01892132583266814,0.002995851299227306,0.03669153514180472
chin,0.0075,0.0,slope_main,web,P,150,-0.03866871448738254,0.0082947502430917,0.10158952819700696
chin,0.0075,0.5,slope_main,web,P,500,-0.02975458611825172,0.0035563442070658422,0.07952227398386812
chin,0.0075,0.9,slope_main,web,P,150,-0.02781208189342755,0.004241247925978345,0.05194446645642192
chin,0.01,0.0,slope_main,web,P,150,-0.0434170801160541,0.01038848750784863,0.127232467967532
chin,0.01,0.5,slope_main,web,P,500,-0.040548256819748295,0.005403928857732976,0.12083552271463725
chin,0.01,0.9,slope_main,web,P,150,-0.01851069217051149,0.005531792676799207,0.06775034710511378
chin,0.015,0.0,slope_main,web,P,150,-0.03951323960771415,0.014046527275828785,0.17203412241933372
chin,0.015,0.5,slope_main,web,P,500,-0.04886613150210695,0.00857070852464276,0.19164686876438145
chin,0.015,0.9,slope_main,web,P,150,-0.021152796366083186,0.00761405570350461,0.09325275673357149
kappa36,0.0,0.5,slope_main,web,P,1,-0.2118971412960597,,
kappa36,0.005,0.5,slope_main,web,P,150,-0.3252522451549807,0.013625639248966856,0.166879317896041
kappa60,0.0,0.5,slope_main,web,P,1,-0.135038928266223,,
kappa60,0.005,0.5,slope_main,web,P,150,-0.20434816008272083,0.00820529484200313,0.10049392775999193
chin,0.0,0.5,slope_main,edu,T,1,-0.0827611975514532,,
chin,0.002,0.0,slope_main,edu,T,150,-0.08248747294540724,0.007677036960115896,0.09402411644385618
chin,0.002,0.5,slope_main,edu,T,500,-0.09359698196560942,0.00309945721905919,0.06930597035168806
chin,0.002,0.9,slope_main,edu,T,150,-0.10055877429198608,0.0026399821909289787,0.032333046489053975
chin,0.005,0.0,slope_main,edu,T,150,-0.1303678335625979,0.022992850082380088,0.2816037521707069
chin,0.005,0.5,slope_main,edu,T,500,-0.12432396027825345,0.006322754688957809,0.141381092895652
chin,0.005,0.9,slope_main,edu,T,150,-0.11644777849604916,0.005075380512755147,0.0621604625335768
chin,0.0075,0.0,slope_main,edu,T,150,-0.11108260370732272,0.02861985764551137,0.35052023871297405
chin,0.0075,0.5,slope_main,edu,T,500,-0.11899408396902192,0.008847976209777989,0.19784676268364523
chin,0.0075,0.9,slope_main,edu,T,150,-0.11430166596626516,0.00645083328107642,0.07900624977200522
chin,0.01,0.0,slope_main,edu,T,150,-0.2028172133957903,0.037801025827277956,0.4629661251529968
chin,0.01,0.5,slope_main,edu,T,500,-0.15891468844762188,0.012622265833590609,0.2822424443398165
chin,0.01,0.9,slope_main,edu,T,150,-0.13672751243770676,0.009900091815404341,0.12125086677222312
chin,0.015,0.0,slope_main,edu,T,150,-0.23623316068915798,0.038512153170497464,0.47167562081814096
chin,0.015,0.5,slope_main,edu,T,500,-0.2125522345480093,0.01856088290275265,0.4150339589296855
chin,0.015,0.9,slope_main,edu,T,150,-0.11247682423993478,0.015005301657314432,0.18377666248479563
kappa36,0.0,0.5,slope_main,edu,T,1,-0.3455734517207061,,
kappa36,0.005,0.5,slope_main,edu,T,150,-0.5056802427975958,0.0417219268551408,0.510987159404087
kappa60,0.0,0.5,slope_main,edu,T,1,-0.2494827584460777,,
kappa60,0.005,0.5,slope_main,edu,T,150,-0.37659414545147607,0.026252508028663066,0.32152624569271604
chin,0.0,0.5,slope_main,web,T,1,-0.0786765678265643,,
chin,0.002,0.0,slope_main,web,T,150,-0.07856304798146514,0.005906300401579446,0.07233711125732509
chin,0.002,0.5,slope_main,web,T,500,-0.08447920786432125,0.002651565783723107,0.05929081339217373
chin,0.002,0.9,slope_main,web,T,150,-0.08554002966214107,0.0024728306023813584,0.030285865980867424
chin,0.005,0.0,slope_main,web,T,150,-0.13281328450680677,0.016157800054779372,0.19789182750061773
chin,0.005,0.5,slope_main,web,T,500,-0.10909262157582185,0.005706821489316298,0.12760840785567834
chin,0.005,0.9,slope_main,web,T,150,-0.10144332494503727,0.005053766613347284,0.06189574740907126
chin,0.0075,0.0,slope_main,web,T,150,-0.11241321289223924,0.023058309119591114,0.28240545837181125
chin,0.0075,0.5,slope_main,web,T,500,-0.10994059438176661,0.00826900195905406,0.1849005048652381
chin,0.0075,0.9,slope_main,web,T,150,-0.11388453947254037,0.006635673433189739,0.08127007005528551
chin,0.01,0.0,slope_main,web,T,150,-0.11100695836403429,0.023519010935111297,0.2880478802298026
chin,0.01,0.5,slope_main,web,T,500,-0.13268784825832966,0.011693219565871974,0.26146833825120314
chin,0.01,0.9,slope_main,web,T,150,-0.10656197870333833,0.008504065207182694,0.10415310248476657
chin,0.015,0.0,slope_main,web,T,150,-0.12808130441966295,0.04033725756506489,0.494028493288148
chin,0.015,0.5,slope_main,web,T,500,-0.1501270266018994,0.01520317881267495,0.3399534129922573
chin,0.015,0.9,slope_main,web,T,150,-0.10831432716120441,0.010903574012310574,0.13354096351415987
kappa36,0.0,0.5,slope_main,web,T,1,-0.3389970259123444,,
kappa36,0.005,0.5,slope_main,web,T,150,-0.4959751617803571,0.02754357093513379,0.33733847242615544
kappa60,0.0,0.5,slope_main,web,T,1,-0.2449635561049672,,
kappa60,0.005,0.5,slope_main,web,T,150,-0.33015457129846326,0.016498907185836086,0.20206951959418581
