kN,kD,k,overhead,overhead_formula
0.2,24.03727734630977,120.18638673154885,3.8074554692619547,4.138907126971356
0.21000000000000002,19.836103257199902,94.45763455809477,3.16558168401198,3.4154190779693456
0.22,16.7108684832651,75.95849310575045,2.6763910663183217,2.869297205689797
0.23,14.32202578978618,62.26967734689643,2.2940659316508216,2.446022093762655
0.24000000000000002,12.45370867825009,51.890452826042036,1.9888900827800216,2.110619180767204
0.25,10.963577340191286,43.85430936076514,1.7408943350478214,1.8398129637395146
0.26,9.7547931198086,37.51843507618692,1.5362462111502362,1.6176200866597332
0.27,8.759665006426253,32.44320372750464,1.3651095517350886,1.4327633204546184
0.28,7.929743185857622,28.320511378062932,1.2203280920401345,1.277095700908247
0.29000000000000004,7.229618819976648,24.92972006888499,1.096589457793228,1.144608131604195
0.30000000000000004,6.632930284737783,22.109767615792606,0.9898790854213351,1.0307860936099087
0.31,6.119724201727456,19.74104581202405,0.8971145025355112,0.932181836097506
0.32,5.674671500217118,17.733348438178496,0.8158948800694779,0.8461232955985678
0.33,5.285836539233769,16.017686482526575,0.744326057947144,0.7705119439009689
0.34,4.9438119783251535,14.540623465662215,0.6808960726305524,0.7036797754361279
0.35,4.641100423742936,13.260286924979816,0.6243851483100273,0.6442864222931366
0.36,4.3716656418313455,12.143515671753738,0.5737996310592843,0.5912439987022515
0.37,4.130602244774967,11.163789850743154,0.5283228305667378,0.5436614295143241
0.38,3.913889424250194,10.29970901118472,0.4872779812150736,0.5008026796707046
0.39,3.718205155418397,9.533859372867685,0.45010001061317495,0.46205504164333133
0.4,3.540784476217182,8.851961190542955,0.416313790486873,0.4269047951080778
0.41000000000000003,3.379310280521471,8.242220196393832,0.3855172150138033,0.3949183354130512
0.42000000000000004,3.2318283656879365,7.694829442114134,0.3573679135889334,0.3657274042086829
0.43000000000000005,3.0966807621891452,7.201583167881732,0.3315727277413325,0.3390174291159267
0.44,2.972452977968427,6.755574949928243,0.3078793103061077,0.31451824258150896
0.45,2.85793193000101,6.350959844446689,0.2860693685004547,0.2919966378929091
0.46,2.7520721542900968,5.982765552804558,0.2659531909734445,0.27125035584266954
0.47000000000000003,2.653968479876292,5.646741446545302,0.24736518554185727,0.25210319434708484
0.48000000000000004,2.562833788204837,5.339237058760077,0.2301602183383218,0.23440100609626668
0.49,2.477980801692492,5.057103676923453,0.21421059282932098,0.2180084034071399
0.5,2.3988070861203434,4.797614172240687,0.19940354306017172,0.2028060300166612
0.51,2.324782632757213,4.558397319131791,0.18563914270617876,0.18868829022632072
0.52,2.255439523675167,4.337383699375321,0.17282855231108707,0.17556144918551442
0.53,2.1903632888805222,4.13276092241608,0.16089254310667678,0.16334203604925523
0.54,2.1291856448500535,3.9429363793519507,0.149760248219029,0.1519554956231195
0.55,2.0715783668201087,3.766506121491106,0.13936810175105996,0.1413350449099593
0.56,2.0172480961325006,3.6022287430937507,0.12965893383420046,0.13142069943456502
0.5700000000000001,1.9659319223637728,3.449003372568022,0.1205811957473506,0.12215844089062555
0.5800000000000001,1.9173936102952662,3.3058510522332174,0.11208829397125464,0.11349950293996836
0.5900000000000001,1.8714203658575936,3.1718989251823615,0.10413801585598037,0.1053997562066078
0.6000000000000001,1.8278200543955145,3.046366757325857,0.09669203263730886,0.09781917688313402
0.6100000000000001,1.7864188000081727,2.928555409849463,0.08971546800498542,0.09072138608472091
0.62,1.7470589071380358,2.817836946996832,0.08317652242558227,0.08407324928467341
0.63,1.709597055636561,2.713646120058033,0.07704614505103335,0.07784452695277944
0.64,1.6739027287118349,2.615473013612242,0.0712977463755744,0.07200756897667615
0.65,1.6398568398420525,2.522856676680081,0.06590694589733426,0.06653704664271931
0.66,1.6073505302158764,2.435379591236176,0.06085134994247854,0.06140971693742925
0.67,1.5762841127702585,2.3526628548809825,0.056110355556073355,0.056604214744469195
0.6799999999999999,1.5465661426231818,2.274361974445856,0.0516649769837636,0.052100869186936904
0.69,1.5181125967902152,2.200163183753935,0.04749769178524832,0.04788154092678232
0.7,1.490846148646982,2.1297802123528315,0.04359230405288739,0.04392947770253475
0.71,1.464695524748885,2.062951443308289,0.0399338225717083,0.0402291857799808
0.72,1.4395949334203786,1.9994374075283037,0.036508352062672556,0.036766315321289156
0.73,1.4154835560398724,1.9390185699176334,0.0333029959091069,0.03352755795715057
0.74,1.3923050932228542,1.8814933692200733,0.030305768984912218,0.03050055508264138
0.75,1.3700073591851045,1.8266764789134726,0.027505519388828503,0.02767381559780402
0.76,1.348541918483318,1.7743972611622605,0.024891858047321636,0.025036641984466534
0.77,1.3278637601088394,1.7244983897517394,0.022455095283806292,0.022579063756259288
0.78,1.3079310045739136,1.6768346212486072,0.02018618356765267,0.020291777443152803
0.79,1.2887046401972642,1.6312716964522331,0.01807666575583866,0.018166092378626653
0.8,1.2701482852820387,1.5876853566025484,0.016118628225630927,0.01619388164924951
0.81,1.2522279732968664,1.5459604608603288,0.014304658370461798,0.014367537645589401
0.8200000000000001,1.2349119585304584,1.5059901933298272,0.012627805994976038,0.012679931721534476
0.8300000000000001,1.2181705400006422,1.4676753493983639,0.011081548200533087,0.011124377528401341
0.8400000000000001,1.201975901667181,1.4309236924609297,0.009659757400432012,0.00969459764131786
0.8500000000000001,1.186301967230526,1.3956493732123834,0.008356672145947153,0.008384693140127686
0.8600000000000001,1.171124268000799,1.3617724046520916,0.007166870480687093,0.007189115845795291
0.8700000000000001,1.1564198224972853,1.3292181867784887,0.0060852455726383425,0.00610264294728502
0.8800000000000001,1.1421670265921848,1.2979170756729372,0.005106983401122811,0.0051203537835149415
0.8900000000000001,1.1283455531464694,1.2678039922994038,0.004227542300357934,0.00423760857102029
0.9000000000000001,1.1149362602030835,1.2388180668923148,0.0034426341827753504,0.003450028890735979
0.9099999999999999,1.101921106905687,1.2109023152809748,0.0027482072841749083,0.0027534797674597655
0.9199999999999999,1.0892830764015886,1.1840033439147704,0.0021404302894614258,0.0021440531931291584
0.9299999999999999,1.0770061050671318,1.158071080717346,0.0016156777124325394,0.0016180529607989769
0.94,1.06507501746395,1.1330585292169681,0.0011705164161130988,0.001171980689853802
0.95,1.053475466496507,1.1089215436805338,0.000801693171681439,0.0008025229353334495
0.96,1.0421938782961113,1.085618623225116,0.0005061231642669028,0.0005065392849856742
0.97,1.0312174014051607,1.0631107230981038,0.00028087936300580374,0.0002810513573512363
0.98,1.0205338598784197,1.0413610815085916,0.0001231826808512082,0.00012323262269609003
0.99,1.0101317099564058,1.020335060562026,3.03928568416989e-05,3.0398976244017106e-05
1.0,1.0,1.0,0.0,0.0
