m_label,m,g_label,g,L,phi,rho,p,s_fleet
2024,1.1519122772354577,frontier (estimated),1.6217254381592587,1.0,0.49480784452506826,1.0,1.0,0.3630472759909394
2024,1.1519122772354577,frontier (estimated),1.6217254381592587,1.0,0.49480784452506826,1.0,2.0,0.5326994630131269
2024,1.1519122772354577,frontier (estimated),1.6217254381592587,1.0,0.49480784452506826,4.424778761061947,1.0,0.11411477560033492
2024,1.1519122772354577,frontier (estimated),1.6217254381592587,1.0,0.49480784452506826,4.424778761061947,2.0,0.204852817859533
2024,1.1519122772354577,frontier (estimated),1.6217254381592587,1.0,0.49480784452506826,8.130081300813009,1.0,0.06551396866191599
2024,1.1519122772354577,frontier (estimated),1.6217254381592587,1.0,0.49480784452506826,8.130081300813009,2.0,0.12297158101866865
2024,1.1519122772354577,frontier (estimated),1.6217254381592587,1.0,0.49480784452506826,10.416666666666666,1.0,0.051878930458531154
2024,1.1519122772354577,frontier (estimated),1.6217254381592587,1.0,0.49480784452506826,10.416666666666666,2.0,0.09864049741145833
2024,1.1519122772354577,frontier (estimated),1.6217254381592587,2.0,0.2962804304362891,1.0,1.0,0.25444855560772317
2024,1.1519122772354577,frontier (estimated),1.6217254381592587,2.0,0.2962804304362891,1.0,2.0,0.4056739584421689
2024,1.1519122772354577,frontier (estimated),1.6217254381592587,2.0,0.2962804304362891,4.424778761061947,1.0,0.07160810079846282
2024,1.1519122772354577,frontier (estimated),1.6217254381592587,2.0,0.2962804304362891,4.424778761061947,2.0,0.13364606099022042
2024,1.1519122772354577,frontier (estimated),1.6217254381592587,2.0,0.2962804304362891,8.130081300813009,1.0,0.04028735028377591
2024,1.1519122772354577,frontier (estimated),1.6217254381592587,2.0,0.2962804304362891,8.130081300813009,2.0,0.07745427313479508
2024,1.1519122772354577,frontier (estimated),1.6217254381592587,2.0,0.2962804304362891,10.416666666666666,1.0,0.03172434185700163
2024,1.1519122772354577,frontier (estimated),1.6217254381592587,2.0,0.2962804304362891,10.416666666666666,2.0,0.06149770935887964
2024,1.1519122772354577,3x per year (illustrative),1.0986122886681098,1.0,0.6068261510845583,1.0,1.0,0.41142211670994017
2024,1.1519122772354577,3x per year (illustrative),1.0986122886681098,1.0,0.6068261510845583,1.0,2.0,0.58298947117107
2024,1.1519122772354577,3x per year (illustrative),1.0986122886681098,1.0,0.6068261510845583,4.424778761061947,1.0,0.13642452076816292
2024,1.1519122772354577,3x per year (illustrative),1.0986122886681098,1.0,0.6068261510845583,4.424778761061947,2.0,0.24009429271368968
2024,1.1519122772354577,3x per year (illustrative),1.0986122886681098,1.0,0.6068261510845583,8.130081300813009,1.0,0.07917127943166344
2024,1.1519122772354577,3x per year (illustrative),1.0986122886681098,1.0,0.6068261510845583,8.130081300813009,2.0,0.1467260683093018
2024,1.1519122772354577,3x per year (illustrative),1.0986122886681098,1.0,0.6068261510845583,10.416666666666666,1.0,0.06288510214039124
2024,1.1519122772354577,3x per year (illustrative),1.0986122886681098,1.0,0.6068261510845583,10.416666666666666,2.0,0.11832906870884913
2024,1.1519122772354577,3x per year (illustrative),1.0986122886681098,2.0,0.4045507673897055,1.0,1.0,0.31787501497696974
2024,1.1519122772354577,3x per year (illustrative),1.0986122886681098,2.0,0.4045507673897055,1.0,2.0,0.4824054047075545
2024,1.1519122772354577,3x per year (illustrative),1.0986122886681098,2.0,0.4045507673897055,4.424778761061947,1.0,0.0952826435046575
2024,1.1519122772354577,3x per year (illustrative),1.0986122886681098,2.0,0.4045507673897055,4.424778761061947,2.0,0.173987315638956
2024,1.1519122772354577,3x per year (illustrative),1.0986122886681098,2.0,0.4045507673897055,8.130081300813009,1.0,0.054211518035373364
2024,1.1519122772354577,3x per year (illustrative),1.0986122886681098,2.0,0.4045507673897055,8.130081300813009,2.0,0.10284751609696288
2024,1.1519122772354577,3x per year (illustrative),1.0986122886681098,2.0,0.4045507673897055,10.416666666666666,1.0,0.04282100246484609
2024,1.1519122772354577,3x per year (illustrative),1.0986122886681098,2.0,0.4045507673897055,10.416666666666666,2.0,0.08212531654739014
2024,1.1519122772354577,2x per year (illustrative),0.6931471805599453,1.0,0.7213475204444817,1.0,1.0,0.45382919571191754
2024,1.1519122772354577,2x per year (illustrative),0.6931471805599453,1.0,0.7213475204444817,1.0,2.0,0.6243225779898917
2024,1.1519122772354577,2x per year (illustrative),0.6931471805599453,1.0,0.7213475204444817,4.424778761061947,1.0,0.15810031540191916
2024,1.1519122772354577,2x per year (illustrative),0.6931471805599453,1.0,0.7213475204444817,4.424778761061947,2.0,0.2730338871327401
2024,1.1519122772354577,2x per year (illustrative),0.6931471805599453,1.0,0.7213475204444817,8.130081300813009,1.0,0.09272716256726383
2024,1.1519122772354577,2x per year (illustrative),0.6931471805599453,1.0,0.7213475204444817,8.130081300813009,2.0,0.16971695358868855
2024,1.1519122772354577,2x per year (illustrative),0.6931471805599453,1.0,0.7213475204444817,10.416666666666666,1.0,0.07387614960390054
2024,1.1519122772354577,2x per year (illustrative),0.6931471805599453,1.0,0.7213475204444817,10.416666666666666,2.0,0.13758783940056735
2024,1.1519122772354577,2x per year (illustrative),0.6931471805599453,2.0,0.5410106403333613,1.0,1.0,0.38393175689378006
2024,1.1519122772354577,2x per year (illustrative),0.6931471805599453,2.0,0.5410106403333613,1.0,2.0,0.5548420360777193
2024,1.1519122772354577,2x per year (illustrative),0.6931471805599453,2.0,0.5410106403333613,4.424778761061947,1.0,0.12345479714298588
2024,1.1519122772354577,2x per year (illustrative),0.6931471805599453,2.0,0.5410106403333613,4.424778761061947,2.0,0.2197770617152358
2024,1.1519122772354577,2x per year (illustrative),0.6931471805599453,2.0,0.5410106403333613,8.130081300813009,1.0,0.07119581848411946
2024,1.1519122772354577,2x per year (illustrative),0.6931471805599453,2.0,0.5410106403333613,8.130081300813009,2.0,0.13292773787125262
2024,1.1519122772354577,2x per year (illustrative),0.6931471805599453,2.0,0.5410106403333613,10.416666666666666,1.0,0.05644968351911312
2024,1.1519122772354577,2x per year (illustrative),0.6931471805599453,2.0,0.5410106403333613,10.416666666666666,2.0,0.10686677160255281
2025,4.52777152241207,frontier (estimated),1.6217254381592587,1.0,0.49480784452506826,1.0,1.0,0.6913939208653077
2025,4.52777152241207,frontier (estimated),1.6217254381592587,1.0,0.49480784452506826,1.0,2.0,0.8175433437901851
2025,4.52777152241207,frontier (estimated),1.6217254381592587,1.0,0.49480784452506826,4.424778761061947,1.0,0.33613271652710475
2025,4.52777152241207,frontier (estimated),1.6217254381592587,1.0,0.49480784452506826,4.424778761061947,2.0,0.5031427078603176
2025,4.52777152241207,frontier (estimated),1.6217254381592587,1.0,0.49480784452506826,8.130081300813009,1.0,0.21603451179724523
2025,4.52777152241207,frontier (estimated),1.6217254381592587,1.0,0.49480784452506826,8.130081300813009,2.0,0.35530983652422127
2025,4.52777152241207,frontier (estimated),1.6217254381592587,1.0,0.49480784452506826,10.416666666666666,1.0,0.1770063333872401
2025,4.52777152241207,frontier (estimated),1.6217254381592587,1.0,0.49480784452506826,10.416666666666666,2.0,0.30077379936919035
2025,4.52777152241207,frontier (estimated),1.6217254381592587,2.0,0.2962804304362891,1.0,1.0,0.5729215332198976
2025,4.52777152241207,frontier (estimated),1.6217254381592587,2.0,0.2962804304362891,1.0,2.0,0.7284807552314208
2025,4.52777152241207,frontier (estimated),1.6217254381592587,2.0,0.2962804304362891,4.424778761061947,1.0,0.23264438910662458
2025,4.52777152241207,frontier (estimated),1.6217254381592587,2.0,0.2962804304362891,4.424778761061947,2.0,0.37747202869310376
2025,4.52777152241207,frontier (estimated),1.6217254381592587,2.0,0.2962804304362891,8.130081300813009,1.0,0.14163331927040698
2025,4.52777152241207,frontier (estimated),1.6217254381592587,2.0,0.2962804304362891,8.130081300813009,2.0,0.24812401123842767
2025,4.52777152241207,frontier (estimated),1.6217254381592587,2.0,0.2962804304362891,10.416666666666666,1.0,0.11409016929294553
2025,4.52777152241207,frontier (estimated),1.6217254381592587,2.0,0.2962804304362891,10.416666666666666,2.0,0.2048131694140207
2025,4.52777152241207,3x per year (illustrative),1.0986122886681098,1.0,0.6068261510845583,1.0,1.0,0.7331604331014978
2025,4.52777152241207,3x per year (illustrative),1.0986122886681098,1.0,0.6068261510845583,1.0,2.0,0.8460387383636542
2025,4.52777152241207,3x per year (illustrative),1.0986122886681098,1.0,0.6068261510845583,4.424778761061947,1.0,0.3830781510912585
2025,4.52777152241207,3x per year (illustrative),1.0986122886681098,1.0,0.6068261510845583,4.424778761061947,2.0,0.5539501159627273
2025,4.52777152241207,3x per year (illustrative),1.0986122886681098,1.0,0.6068261510845583,8.130081300813009,1.0,0.2525885458211739
2025,4.52777152241207,3x per year (illustrative),1.0986122886681098,1.0,0.6068261510845583,8.130081300813009,2.0,0.40330649144740743
2025,4.52777152241207,3x per year (illustrative),1.0986122886681098,1.0,0.6068261510845583,10.416666666666666,1.0,0.20871473226089465
2025,4.52777152241207,3x per year (illustrative),1.0986122886681098,1.0,0.6068261510845583,10.416666666666666,2.0,0.34534986079055197
2025,4.52777152241207,3x per year (illustrative),1.0986122886681098,2.0,0.4045507673897055,1.0,1.0,0.6468569225696112
2025,4.52777152241207,3x per year (illustrative),1.0986122886681098,2.0,0.4045507673897055,1.0,2.0,0.7855654170130486
2025,4.52777152241207,3x per year (illustrative),1.0986122886681098,2.0,0.4045507673897055,4.424778761061947,1.0,0.29277003533827534
2025,4.52777152241207,3x per year (illustrative),1.0986122886681098,2.0,0.4045507673897055,4.424778761061947,2.0,0.4529344389726159
2025,4.52777152241207,3x per year (illustrative),1.0986122886681098,2.0,0.4045507673897055,8.130081300813009,1.0,0.18387383909096358
2025,4.52777152241207,3x per year (illustrative),1.0986122886681098,2.0,0.4045507673897055,8.130081300813009,2.0,0.3106308003767546
2025,4.52777152241207,3x per year (illustrative),1.0986122886681098,2.0,0.4045507673897055,10.416666666666666,1.0,0.14954740360876845
2025,4.52777152241207,3x per year (illustrative),1.0986122886681098,2.0,0.4045507673897055,10.416666666666666,2.0,0.26018483994534725
2025,4.52777152241207,2x per year (illustrative),0.6931471805599453,1.0,0.7213475204444817,1.0,1.0,0.7655936899553142
2025,4.52777152241207,2x per year (illustrative),0.6931471805599453,1.0,0.7213475204444817,1.0,2.0,0.8672365497349402
2025,4.52777152241207,2x per year (illustrative),0.6931471805599453,1.0,0.7213475204444817,4.424778761061947,1.0,0.424671645189645
2025,4.52777152241207,2x per year (illustrative),0.6931471805599453,1.0,0.7213475204444817,4.424778761061947,2.0,0.5961677508267035
2025,4.52777152241207,2x per year (illustrative),0.6931471805599453,1.0,0.7213475204444817,8.130081300813009,1.0,0.28659579932536544
2025,4.52777152241207,2x per year (illustrative),0.6931471805599453,1.0,0.7213475204444817,8.130081300813009,2.0,0.44551023635495124
2025,4.52777152241207,2x per year (illustrative),0.6931471805599453,1.0,0.7213475204444817,10.416666666666666,1.0,0.23870154432892754
2025,4.52777152241207,2x per year (illustrative),0.6931471805599453,1.0,0.7213475204444817,10.416666666666666,2.0,0.3854060656043587
2025,4.52777152241207,2x per year (illustrative),0.6931471805599453,2.0,0.5410106403333613,1.0,1.0,0.710109012195877
2025,4.52777152241207,2x per year (illustrative),0.6931471805599453,2.0,0.5410106403333613,1.0,2.0,0.8304839131676837
2025,4.52777152241207,2x per year (illustrative),0.6931471805599453,2.0,0.5410106403333613,4.424778761061947,1.0,0.35633508565859046
2025,4.52777152241207,2x per year (illustrative),0.6931471805599453,2.0,0.5410106403333613,4.424778761061947,2.0,0.5254381301882582
2025,4.52777152241207,2x per year (illustrative),0.6931471805599453,2.0,0.5410106403333613,8.130081300813009,1.0,0.23153617314804947
2025,4.52777152241207,2x per year (illustrative),0.6931471805599453,2.0,0.5410106403333613,8.130081300813009,2.0,0.37601197300798295
2025,4.52777152241207,2x per year (illustrative),0.6931471805599453,2.0,0.5410106403333613,10.416666666666666,1.0,0.19038761252967862
2025,4.52777152241207,2x per year (illustrative),0.6931471805599453,2.0,0.5410106403333613,10.416666666666666,2.0,0.3198749895004169
All 2019-2025,1.781510745139944,frontier (estimated),1.6217254381592587,1.0,0.49480784452506826,1.0,1.0,0.4685107195500038
All 2019-2025,1.781510745139944,frontier (estimated),1.6217254381592587,1.0,0.49480784452506826,1.0,2.0,0.6380759953779155
All 2019-2025,1.781510745139944,frontier (estimated),1.6217254381592587,1.0,0.49480784452506826,4.424778761061947,1.0,0.16612481536874824
All 2019-2025,1.781510745139944,frontier (estimated),1.6217254381592587,1.0,0.49480784452506826,4.424778761061947,2.0,0.2849177260947265
All 2019-2025,1.781510745139944,frontier (estimated),1.6217254381592587,1.0,0.49480784452506826,8.130081300813009,1.0,0.0978191202157028
All 2019-2025,1.781510745139944,frontier (estimated),1.6217254381592587,1.0,0.49480784452506826,8.130081300813009,2.0,0.17820626078453253
All 2019-2025,1.781510745139944,frontier (estimated),1.6217254381592587,1.0,0.49480784452506826,10.416666666666666,1.0,0.07802195606837911
All 2019-2025,1.781510745139944,frontier (estimated),1.6217254381592587,1.0,0.49480784452506826,10.416666666666666,2.0,0.14475021706038455
All 2019-2025,1.781510745139944,frontier (estimated),1.6217254381592587,2.0,0.2962804304362891,1.0,1.0,0.3454755346771446
All 2019-2025,1.781510745139944,frontier (estimated),1.6217254381592587,2.0,0.2962804304362891,1.0,2.0,0.5135367024864465
All 2019-2025,1.781510745139944,frontier (estimated),1.6217254381592587,2.0,0.2962804304362891,4.424778761061947,1.0,0.10657557260399364
All 2019-2025,1.781510745139944,frontier (estimated),1.6217254381592587,2.0,0.2962804304362891,4.424778761061947,2.0,0.19262231200929186
All 2019-2025,1.781510745139944,frontier (estimated),1.6217254381592587,2.0,0.2962804304362891,8.130081300813009,1.0,0.06096470025503201
All 2019-2025,1.781510745139944,frontier (estimated),1.6217254381592587,2.0,0.2962804304362891,8.130081300813009,2.0,0.11492314539848023
All 2019-2025,1.781510745139944,frontier (estimated),1.6217254381592587,2.0,0.2962804304362891,10.416666666666666,1.0,0.04822761084669736
All 2019-2025,1.781510745139944,frontier (estimated),1.6217254381592587,2.0,0.2962804304362891,10.416666666666666,2.0,0.09201744038728746
All 2019-2025,1.781510745139944,3x per year (illustrative),1.0986122886681098,1.0,0.6068261510845583,1.0,1.0,0.5194773394052349
All 2019-2025,1.781510745139944,3x per year (illustrative),1.0986122886681098,1.0,0.6068261510845583,1.0,2.0,0.683757929037063
All 2019-2025,1.781510745139944,3x per year (illustrative),1.0986122886681098,1.0,0.6068261510845583,4.424778761061947,1.0,0.1963489888589604
All 2019-2025,1.781510745139944,3x per year (illustrative),1.0986122886681098,1.0,0.6068261510845583,4.424778761061947,2.0,0.32824700933835677
All 2019-2025,1.781510745139944,3x per year (illustrative),1.0986122886681098,1.0,0.6068261510845583,8.130081300813009,1.0,0.11736509250166494
All 2019-2025,1.781510745139944,3x per year (illustrative),1.0986122886681098,1.0,0.6068261510845583,8.130081300813009,2.0,0.21007474332117648
All 2019-2025,1.781510745139944,3x per year (illustrative),1.0986122886681098,1.0,0.6068261510845583,10.416666666666666,1.0,0.09402438001397675
All 2019-2025,1.781510745139944,3x per year (illustrative),1.0986122886681098,1.0,0.6068261510845583,10.416666666666666,2.0,0.17188717496912737
All 2019-2025,1.781510745139944,3x per year (illustrative),1.0986122886681098,2.0,0.4045507673897055,1.0,1.0,0.4188450665318072
All 2019-2025,1.781510745139944,3x per year (illustrative),1.0986122886681098,2.0,0.4045507673897055,1.0,2.0,0.5904028232703696
All 2019-2025,1.781510745139944,3x per year (illustrative),1.0986122886681098,2.0,0.4045507673897055,4.424778761061947,1.0,0.1400666403048856
All 2019-2025,1.781510745139944,3x per year (illustrative),1.0986122886681098,2.0,0.4045507673897055,4.424778761061947,2.0,0.24571658419446055
All 2019-2025,1.781510745139944,3x per year (illustrative),1.0986122886681098,2.0,0.4045507673897055,8.130081300813009,1.0,0.08142903716067117
All 2019-2025,1.781510745139944,3x per year (illustrative),1.0986122886681098,2.0,0.4045507673897055,8.130081300813009,2.0,0.15059524825496806
All 2019-2025,1.781510745139944,3x per year (illustrative),1.0986122886681098,2.0,0.4045507673897055,10.416666666666666,1.0,0.06471105907931118
All 2019-2025,1.781510745139944,3x per year (illustrative),1.0986122886681098,2.0,0.4045507673897055,10.416666666666666,2.0,0.12155609454318782
All 2019-2025,1.781510745139944,2x per year (illustrative),0.6931471805599453,1.0,0.7213475204444817,1.0,1.0,0.5623801608310869
All 2019-2025,1.781510745139944,2x per year (illustrative),0.6931471805599453,1.0,0.7213475204444817,1.0,2.0,0.7199018202227253
All 2019-2025,1.781510745139944,2x per year (illustrative),0.6931471805599453,1.0,0.7213475204444817,4.424778761061947,1.0,0.2250644947962121
All 2019-2025,1.781510745139944,2x per year (illustrative),0.6931471805599453,1.0,0.7213475204444817,4.424778761061947,2.0,0.3674328914962984
All 2019-2025,1.781510745139944,2x per year (illustrative),0.6931471805599453,1.0,0.7213475204444817,8.130081300813009,1.0,0.13649125880169588
All 2019-2025,1.781510745139944,2x per year (illustrative),0.6931471805599453,1.0,0.7213475204444817,8.130081300813009,2.0,0.24019763943562714
All 2019-2025,1.781510745139944,2x per year (illustrative),0.6931471805599453,1.0,0.7213475204444817,10.416666666666666,1.0,0.1098201385921523
All 2019-2025,1.781510745139944,2x per year (illustrative),0.6931471805599453,1.0,0.7213475204444817,10.416666666666666,2.0,0.19790619177529647
All 2019-2025,1.781510745139944,2x per year (illustrative),0.6931471805599453,2.0,0.5410106403333613,1.0,1.0,0.49078739401886495
All 2019-2025,1.781510745139944,2x per year (illustrative),0.6931471805599453,2.0,0.5410106403333613,1.0,2.0,0.6584270781842342
All 2019-2025,1.781510745139944,2x per year (illustrative),0.6931471805599453,2.0,0.5410106403333613,4.424778761061947,1.0,0.1788622569730993
All 2019-2025,1.781510745139944,2x per year (illustrative),0.6931471805599453,2.0,0.5410106403333613,4.424778761061947,2.0,0.3034489498923381
All 2019-2025,1.781510745139944,2x per year (illustrative),0.6931471805599453,2.0,0.5410106403333613,8.130081300813009,1.0,0.10598494887268856
All 2019-2025,1.781510745139944,2x per year (illustrative),0.6931471805599453,2.0,0.5410106403333613,8.130081300813009,2.0,0.19165712694502252
All 2019-2025,1.781510745139944,2x per year (illustrative),0.6931471805599453,2.0,0.5410106403333613,10.416666666666666,1.0,0.08469027847396904
All 2019-2025,1.781510745139944,2x per year (illustrative),0.6931471805599453,2.0,0.5410106403333613,10.416666666666666,2.0,0.15615568822672266
