output,benchmark,sample,measure,n_models,n_families,theta_conv,delta_logodds,delta_lo,delta_hi,odds_ratio,odds_lo,odds_hi,compute_eq,compute_eq_lo,compute_eq_hi,B_ok,loss_Besiroglu,loss_Besiroglu_lo,loss_Besiroglu_hi,loss_Hoffmann,loss_Hoffmann_lo,loss_Hoffmann_hi,log_ratio_to_syverson_compute,log_ratio_to_syverson_loss_Besiroglu
y_hellaswag,"legacy benchmark (Table 8 design, 57 models)",All dense base models,"Family effects, inputs netted with benchmark theta_C",128,38,0.3290836262488226,0.9847360977149258,0.6632212836950181,1.6626020351081947,2.6771052969848723,1.9410348985390375,5.273013575671628,19.932632863952705,7.474143060284611,160.74599957726198,999,1.7049528776288052,1.4313834716219318,2.4737440702248708,1.5891782427467578,1.3652975317109377,2.1953839000347033,4.587218606771047,0.8179010775872777
y_hellaswag,"legacy benchmark (Table 8 design, 57 models)",All dense base models,"Family effects, within-family (theta_N, theta_D) netting",128,38,0.3290836262488226,1.0415401306111605,0.7033122088362593,1.7201337502040275,2.8335777352588862,2.02043373535402,5.585275446050917,23.68805685030375,8.48964400241386,193.08060327907125,999,1.7582417915345532,1.4642684459366133,2.555908146153976,1.6322142186725954,1.3924891887074573,2.258554598765654,4.8518301278129785,0.865081311789054
y_hellaswag,"legacy benchmark (Table 8 design, 57 models)",All dense base models,"Within-developer residuals (Mertens design), own theta_C",128,38,0.42504902928875066,1.0229944116010683,0.5735607060552926,1.1586406543815364,2.781511295883182,1.7745745535474302,3.1856000001711995,11.098034519212057,4.093098115642302,18.12689410233505,999,1.5359156815212607,1.2856676519074912,1.6763277441214848,1.451456724708542,1.2437855609574022,1.565987700890213,3.689521842487607,0.6578417445155403
y_hellaswag,"legacy benchmark (Table 8 design, 57 models)",Drop distilled and synthetic-data,"Family effects, inputs netted with benchmark theta_C",121,36,0.3290836262488226,0.9445881814374353,0.644042769835702,1.6351753085331575,2.571754064418599,1.9041634339342204,5.130357313611145,17.643352799662583,7.021644274350611,143.89899035646172,999,1.6682664403881826,1.415533142753996,2.425390579746257,1.559447495163352,1.3521620097778848,2.158078958938256,4.400196653378103,0.7845550632973156
y_hellaswag,"legacy benchmark (Table 8 design, 57 models)",Drop distilled and synthetic-data,"Family effects, within-family (theta_N, theta_D) netting",121,36,0.3290836262488226,0.9563690661626119,0.6267665166369415,1.7749542645199614,2.602230771393073,1.8715491617215982,5.9000112902997,18.286410004612584,6.773897613034502,216.58898625468896,999,1.6789489962111581,1.4064954889989751,2.6088134530823206,1.5681134668369672,1.3446636210553216,2.29908840549227,4.455075817187531,0.7943400182045368
y_hellaswag,"legacy benchmark (Table 8 design, 57 models)",Drop distilled and synthetic-data,"Within-developer residuals (Mertens design), own theta_C",121,36,0.4298751933660703,1.0442501592436737,0.5779607601410941,1.1667532106350271,2.841267226718771,1.7823999810892106,3.2115484712761724,11.349728364957077,4.022058800850019,18.00000614040026,999,1.542069362827857,1.2816609419678089,1.6742299310065107,1.4565042304560536,1.2404195776774776,1.5642861341114098,3.723900077790833,0.6639713838701055
y_hellaswag,"legacy benchmark (Table 8 design, 57 models)",Also drop code-specialised,"Family effects, inputs netted with benchmark theta_C",107,32,0.3290836262488226,0.7267114081020374,0.5280832080535042,0.8269412819955422,2.068267722938896,1.6956789278748547,2.286314841878985,9.100123230185998,4.926172851789042,12.681925153749331,999,1.4825116977482227,1.3288453711140553,1.5728882775488333,1.4075392619645286,1.2799720124938074,1.4817434920377475,3.385256314594352,0.603591200892173
y_hellaswag,"legacy benchmark (Table 8 design, 57 models)",Also drop code-specialised,"Family effects, within-family (theta_N, theta_D) netting",107,32,0.3290836262488226,0.6393144698371991,0.47744929767903205,1.6288633851295746,1.8951812299843154,1.6119575301539544,5.098076874217067,6.97764363079478,4.195784405821232,143.36671920010576,999,1.4139474739254372,1.2913607565887437,2.4237851159491783,1.3508468671322806,1.2485659165352287,2.1568385889764423,2.9781331652413496,0.5310011433625326
y_hellaswag,"legacy benchmark (Table 8 design, 57 models)",Also drop code-specialised,"Within-developer residuals (Mertens design), own theta_C",107,32,0.43352756465464204,0.921275050447304,0.5391922436884915,1.1126833060888675,2.5124919023816,1.7146213064823548,3.042511440458372,8.373457123751859,3.8461257677595864,14.21950003493054,999,1.4606761091480176,1.2714804059419416,1.605311344961721,1.3895227548082711,1.2318607610061831,1.5082262433527176,3.257680191089345,0.5808443780712301
y_hellaswag,strict benchmark (20 models),All dense base models,"Family effects, inputs netted with benchmark theta_C",128,38,0.43035028326263225,1.1066392346919685,0.6992063348079199,1.8282771494486574,3.0241777449805896,2.012155096109226,6.223155849902124,13.085239674227637,5.117582179469106,69.84563067773034,999,1.5816929317446333,1.3379080157176524,2.132111845190332,1.4889420812150371,1.2875474189448333,1.9296241037361075,3.9420290793031056,0.7028637848397438
y_hellaswag,strict benchmark (20 models),All dense base models,"Family effects, within-family (theta_N, theta_D) netting",128,38,0.43035028326263225,1.0415401306111605,0.7033098891991998,1.7128229539005817,2.8335777352588862,2.020429048686487,5.5445915320752714,11.248275338468925,5.089598849040964,53.668820363486816,999,1.5396025539622409,1.3366006795345096,2.034273356396236,1.4544811704558804,1.286455043902183,1.8525112617522692,3.7101354745236264,0.6615171551075625
y_hellaswag,strict benchmark (20 models),All dense base models,"Within-developer residuals (Mertens design), own theta_C",128,38,0.42504902928875066,1.0229944116010683,0.57877178315366,1.1538359945614334,2.781511295883182,1.78384613484419,3.170330986429309,11.098034519212057,4.069686334093739,17.291124563028898,999,1.5359156815212607,1.2843539182369537,1.6622787896294644,1.451456724708542,1.2426820722518697,1.5545869562181942,3.689521842487607,0.6578417445155403
y_hellaswag,strict benchmark (20 models),Drop distilled and synthetic-data,"Family effects, inputs netted with benchmark theta_C",121,36,0.43035028326263225,1.106026157350307,0.7040168000873269,1.7521398502190246,3.0223242583513676,2.0218578169261052,5.766929848249693,13.06661170367171,5.1116112805018155,58.86474752293315,999,1.5812912227705498,1.3376295577828332,2.0680696764293165,1.4886137637038623,1.287314758737192,1.8792024534975922,3.939845198022804,0.702474398807466
y_hellaswag,strict benchmark (20 models),Drop distilled and synthetic-data,"Family effects, within-family (theta_N, theta_D) netting",121,36,0.43035028326263225,0.9563690661626119,0.6349041234557223,1.745252432361396,2.602230771393073,1.88684122896961,5.727347060700444,9.228567088883413,4.326847489495967,58.88550492894446,999,1.4862211625702881,1.2984622023752366,2.0681996441615724,1.4105964468870837,1.254524908161548,1.8793049851315864,3.406742279843671,0.6074221484961264
y_hellaswag,strict benchmark (20 models),Drop distilled and synthetic-data,"Within-developer residuals (Mertens design), own theta_C",121,36,0.4298751933660703,1.0442501592436737,0.5756891561309809,1.170242392902765,2.841267226718771,1.7783556694209608,3.2227737213374805,11.349728364957077,4.019344596946714,18.39578351598051,999,1.542069362827857,1.281505612028324,1.680734668528647,1.4565042304560536,1.2402890327825558,1.5695613312753767,3.723900077790833,0.6639713838701055
y_hellaswag,strict benchmark (20 models),Also drop code-specialised,"Family effects, inputs netted with benchmark theta_C",107,32,0.43035028326263225,0.8296815542189613,0.5396684979425246,1.0183636935621907,2.292588558854534,1.715438096658082,2.76866067810733,6.875205115740849,3.5194559902170486,10.44426046664257,999,1.4102237779306752,1.2515164955478846,1.5193781927673118,1.347757694952101,1.215050711636228,1.4378787433050582,2.955460741641712,0.5269586502347171
y_hellaswag,strict benchmark (20 models),Also drop code-specialised,"Family effects, within-family (theta_N, theta_D) netting",107,32,0.43035028326263225,0.6393144698371991,0.5086235401157088,1.5582108626002413,1.8951812299843154,1.663000565261975,4.750314672052574,4.417472390752623,3.265812418893321,37.333233169022414,999,1.303270294140033,1.2349362571452298,1.906793858818392,1.258557062351858,1.201062915430837,1.7512961558446738,2.277342201425725,0.40605011451420686
y_hellaswag,strict benchmark (20 models),Also drop code-specialised,"Within-developer residuals (Mertens design), own theta_C",107,32,0.43352756465464204,0.921275050447304,0.539282772396318,1.130145210924558,2.5124919023816,1.7147765359598985,3.096106055906624,8.373457123751859,3.812357808583237,14.612824417123349,999,1.4606761091480176,1.2694826104049626,1.613140017829716,1.3895227548082711,1.2301801444327116,1.5146099868058462,3.257680191089345,0.5808443780712301
y_core,"legacy benchmark (Table 8 design, 57 models)",All dense base models,"Family effects, inputs netted with benchmark theta_C",128,38,0.38761199728435963,0.9790201352915666,0.6564951680471375,1.6073834886673122,2.6618467139917428,1.928023081881901,4.989738425586454,12.500561491391103,5.450401634531185,68.3649471678428,999,1.5688540152056758,1.3530229892816712,2.1239781962101105,1.4784433555833156,1.3001669098810378,1.923231432179272,3.8719546886497547,0.6903695209862512
y_core,"legacy benchmark (Table 8 design, 57 models)",All dense base models,"Family effects, within-family (theta_N, theta_D) netting",128,38,0.38761199728435963,1.1895038693282203,0.7438090960219512,1.7355645249067628,3.2854507900589693,2.103934358636183,5.672128958225554,21.516077446800963,6.689590768292239,102.87850934432319,999,1.7283498668814632,1.4033588535755248,2.284533199636971,1.6080950966505172,1.3420597438482935,2.0488390624108725,4.7044028186823565,0.8387950225710641
y_core,"legacy benchmark (Table 8 design, 57 models)",All dense base models,"Within-developer residuals (Mertens design), own theta_C",128,38,0.4525449184208912,1.1174673537622195,0.7172049020330304,1.1940527073042457,3.0571018329752793,2.048698886286038,3.300429816133745,11.814126696757086,4.965934232313504,15.800570115019967,999,1.5531350103421127,1.330751516678868,1.63577417986283,1.4655740661396448,1.2815659124878969,1.5330437161593058,3.7853758308925323,0.6749325106481383
y_core,"legacy benchmark (Table 8 design, 57 models)",Drop distilled and synthetic-data,"Family effects, inputs netted with benchmark theta_C",121,36,0.38761199728435963,0.9378020197867656,0.6021911147653405,1.5047130087060367,2.55436080908231,1.8261156489761574,4.502861162882236,11.239506826027176,4.706938476680908,54.71100724932871,999,1.539388492204477,1.3181027831844128,2.0412614088325576,1.4543055956647806,1.2709835274695258,1.8580349531155547,3.7089399866706247,0.6613039996233724
y_core,"legacy benchmark (Table 8 design, 57 models)",Drop distilled and synthetic-data,"Family effects, within-family (theta_N, theta_D) netting",121,36,0.38761199728435963,0.964401450651728,0.6219910097341522,1.8125513252272265,2.623217061619594,1.8626328726259533,6.126057075084634,12.037885786601159,5.076826406701158,108.30665665368342,999,1.5583395892530991,1.3360020002763373,2.3055683135500824,1.469836993935655,1.2859547563971832,2.0652075678795225,3.8141388353361165,0.6800609543404296
y_core,"legacy benchmark (Table 8 design, 57 models)",Drop distilled and synthetic-data,"Within-developer residuals (Mertens design), own theta_C",121,36,0.45934981203290765,1.115407133454481,0.6892203670406724,1.1989244599737159,3.0508100131890803,1.992161772662024,3.316547923738886,11.338798081910465,4.144662028350908,15.447309231900661,999,1.5418044682339163,1.288541036858823,1.6291926952809697,1.4562870076265422,1.2461986198758375,1.5276871064086308,3.722423042064004,0.6637080284000119
y_core,"legacy benchmark (Table 8 design, 57 models)",Also drop code-specialised,"Family effects, inputs netted with benchmark theta_C",107,32,0.38761199728435963,0.7480266321986306,0.48716682802039235,0.8627016021575798,2.112826516224399,1.627698132386355,2.369553645452406,6.888363497296168,3.306755763559246,9.356228347275184,999,1.4107046338422562,1.2376828834323326,1.4898657874194914,1.3481566726334104,1.2033817932523592,1.4135992038014635,2.9583918873270214,0.5274812735104077
y_core,"legacy benchmark (Table 8 design, 57 models)",Also drop code-specialised,"Family effects, within-family (theta_N, theta_D) netting",107,32,0.38761199728435963,0.7134785568367512,0.4609608708610036,1.6580224511131718,2.041078933137739,1.5855968070288315,5.248920577157836,6.300966130877554,3.2545597750057196,73.52928200009622,999,1.3884629453326034,1.2341767586933083,2.151740358468148,1.329683335991791,1.2004215861201164,1.9450378146123295,2.8217567175698477,0.5031192227427038
y_core,"legacy benchmark (Table 8 design, 57 models)",Also drop code-specialised,"Within-developer residuals (Mertens design), own theta_C",107,32,0.4575950121202115,1.0328035888946636,0.45442283822389784,1.1902677922750426,2.808929890405057,1.5752639384783576,3.2879615802111535,9.554626157797383,3.020455720763265,14.372170014077025,999,1.495450707544033,1.2178587134769199,1.6083702301291858,1.418198692455236,1.1866296784277746,1.5107210241232225,3.4599698125001797,0.616912617568782
y_core,strict benchmark (20 models),All dense base models,"Family effects, inputs netted with benchmark theta_C",128,38,0.4883530106525902,1.2662514718034572,0.7295533724970821,1.9383688823951606,3.5475295924865056,2.074154026537676,6.947409681424121,13.368510065887467,4.409569720567575,51.669141800980356,999,1.587744438636982,1.3028501877077363,2.0205477866961825,1.4938866613571806,1.2582047334753441,1.8416546434961905,3.9748610076570965,0.7087177176652601
y_core,strict benchmark (20 models),All dense base models,"Family effects, within-family (theta_N, theta_D) netting",128,38,0.4883530106525902,1.1895038693282203,0.7797200590237008,1.7661119750350265,3.2854507900589693,2.1808616674921164,5.848071653570957,11.424337554418097,4.755414055839074,40.676203606828956,999,1.543871933315095,1.320512962077289,1.9361780029024187,1.4579822707353645,1.2730009974070255,1.774703452744277,3.733944365660619,0.6657622803972882
y_core,strict benchmark (20 models),All dense base models,"Within-developer residuals (Mertens design), own theta_C",128,38,0.4525449184208912,1.1174673537622195,0.7470544631982164,1.1973691334249204,3.0571018329752793,2.1107734898880484,3.311393618056017,11.814126696757086,5.134897808873105,15.15945934672972,999,1.5531350103421127,1.338713915526223,1.6237377423608612,1.4655740661396448,1.2882207342491627,1.5232452079292615,3.7853758308925323,0.6749325106481383
y_core,strict benchmark (20 models),Drop distilled and synthetic-data,"Family effects, inputs netted with benchmark theta_C",121,36,0.4883530106525902,1.1762598683811305,0.6950048376123302,1.7184439254117574,3.2422251487269524,2.0037187671323435,5.575845279039521,11.11867608605098,4.308175275977289,33.08625562570725,999,1.5364246415628182,1.2974611455102998,1.8661782038422237,1.4518742959059268,1.253685152822112,1.7188635412191844,3.692370425474011,0.6583496468620161
y_core,strict benchmark (20 models),Drop distilled and synthetic-data,"Family effects, within-family (theta_N, theta_D) netting",121,36,0.4883530106525902,0.964401450651728,0.6266548898661498,1.754346284875272,2.623217061619594,1.8713402583921164,5.779668250184846,7.205206878762054,3.5024371472321176,39.56233157436975,999,1.4220614481148575,1.2504353100622583,1.9266138094689977,1.3575744981635371,1.2141393259863278,1.7670897941053223,3.027330516318241,0.5397730310595424
y_core,strict benchmark (20 models),Drop distilled and synthetic-data,"Within-developer residuals (Mertens design), own theta_C",121,36,0.45934981203290765,1.115407133454481,0.6855950432303918,1.2104101572760646,3.0508100131890803,1.9849526168116496,3.3548603907946766,11.338798081910465,4.2932966095823035,15.720754223284738,999,1.5418044682339163,1.2966614794608062,1.634297748970692,1.4562870076265422,1.253014290200511,1.5318423087646718,3.722423042064004,0.6637080284000119
y_core,strict benchmark (20 models),Also drop code-specialised,"Family effects, inputs netted with benchmark theta_C",107,32,0.4883530106525902,0.8998581178701492,0.4422176227176397,1.2575329364356675,2.4592541621843482,1.5561543581278023,3.5167347682150485,6.313174374558904,2.5467827795409965,11.823218188804868,999,1.3889422219471041,1.1813765512190784,1.5533478280896431,1.3300818190906127,1.1557064517978273,1.4657484110453485,2.824724017932623,0.5036482923973866
y_core,strict benchmark (20 models),Also drop code-specialised,"Family effects, within-family (theta_N, theta_D) netting",107,32,0.4883530106525902,0.7134785568367512,0.45830148435842094,1.674994781751326,2.041078933137739,1.5813856942517879,5.338767289985157,4.3102218189549575,2.537252376422816,32.234926944732386,999,1.2975714532398255,1.1805871231022287,1.8575126980148866,1.2537777006743878,1.1550359343400354,1.711931646278696,2.23966420456019,0.3993321276730818
y_core,strict benchmark (20 models),Also drop code-specialised,"Within-developer residuals (Mertens design), own theta_C",107,32,0.4575950121202115,1.0328035888946636,0.4564808307099513,1.1653912794897985,2.808929890405057,1.5785091580006112,3.2071775405177174,9.554626157797383,3.2466326720095933,13.800200597292527,999,1.495450707544033,1.2336379361731316,1.5967670653567934,1.418198692455236,1.1999665063210572,1.5012542832535334,3.4599698125001797,0.616912617568782
