design,spec,M_bin,delta,lo,hi,se_cluster,se_run,boot_bias,delta_bc,lo_run,hi_run,ratio,n_points,M_max_evaluated,lnw_local,n_draws
"Marin, Comma",chin_full,M<16,-0.0899389,-0.138189,-0.0495596,0.0226556,0.0234567,0.000587106,-0.090526,-0.141777,-0.0507481,0.913987,54,14.6852,-0.651435,999
"Marin, Comma",chin_full,16-64,0.0236508,-0.0245036,0.0426529,0.0181097,0.0217332,0.0141435,0.00950731,-0.0407113,0.0452855,1.02393,20,62.1272,0.438278,999
"Marin, Comma",chin_full,64-256,-0.180537,-0.266417,-0.148762,0.0302022,0.034044,0.0249357,-0.205473,-0.278693,-0.1454,0.834822,13,255.57,1.20605,999
"Marin, Comma",chin_full,"256-1,024",-0.555657,-0.683545,-0.504373,0.0467963,0.0630137,0.0311338,-0.58679,-0.721512,-0.479442,0.573695,6,876.107,2.05959,999
"Marin, Comma",chin_full,">=1,024",-1.06723,-1.31582,-0.838126,0.136121,0.122813,0.0242679,-1.0915,-1.3324,-0.875673,0.343959,2,1111.94,2.95456,999
"Marin, Comma",chin_full,M>=256,-0.683551,-0.809151,-0.601413,0.0567623,0.0706794,0.0294173,-0.712968,-0.86048,-0.584263,0.504821,,1111.94,,999
"Marin, Comma",chin_M100,M<16,-0.0538128,-0.0756428,-0.00680452,0.018516,0.0231055,-0.0153155,-0.0384974,-0.091528,-0.00109509,0.947609,54,14.6852,-0.651435,999
"Marin, Comma",chin_M100,16-64,-0.215516,-0.276975,-0.192095,0.0207175,0.0346208,0.0143424,-0.229858,-0.297498,-0.163579,0.806126,20,62.1272,0.438278,999
"Marin, Comma",chin_M100,64-256,-0.57564,-0.692155,-0.525392,0.0438795,0.053783,0.0328021,-0.608443,-0.720189,-0.503246,0.562345,13,255.57,1.20605,999
"Marin, Comma",chin_M100,"256-1,024",-1.09304,-1.25524,-1.02103,0.0647691,0.0730986,0.0455555,-1.1386,-1.29256,-1.00186,0.335195,6,876.107,2.05959,999
"Marin, Comma",chin_M100,">=1,024",-1.69614,-1.96452,-1.4652,0.132774,0.125796,0.0438376,-1.73997,-1.97582,-1.49669,0.183391,2,1111.94,2.95456,999
"Marin, Comma",chin_M100,M>=256,-1.24382,-1.40479,-1.16237,0.0685567,0.0790487,0.045126,-1.28894,-1.45278,-1.13363,0.288282,,1111.94,,999
"Marin, Comma",kappa_full,M<16,-0.0967852,-0.116997,-0.0324525,0.0215396,0.0234973,-0.0236793,-0.0731059,-0.126135,-0.0321165,0.907751,54,14.6852,-0.651435,999
"Marin, Comma",kappa_full,16-64,0.079873,0.0131078,0.068749,0.0152867,0.0196306,0.037851,0.042022,0.00474437,0.0807928,1.08315,20,62.1272,0.438278,999
"Marin, Comma",kappa_full,64-256,-0.089781,-0.204201,-0.121756,0.022144,0.026785,0.0694432,-0.159224,-0.203433,-0.0997435,0.914131,13,255.57,1.20605,999
"Marin, Comma",kappa_full,"256-1,024",-0.433752,-0.620519,-0.439192,0.0523714,0.0548457,0.0926856,-0.526438,-0.637789,-0.415387,0.648073,6,876.107,2.05959,999
"Marin, Comma",kappa_full,">=1,024",-0.924531,-1.28591,-0.744142,0.150949,0.121735,0.10087,-1.0254,-1.25517,-0.779632,0.396717,2,1111.94,2.95456,999
"Marin, Comma",kappa_full,M>=256,-0.556447,-0.777804,-0.51785,0.0682817,0.0647788,0.0947317,-0.651179,-0.772622,-0.511312,0.573242,,1111.94,,999
"Marin, Comma",kappa_M100,M<16,-0.0583954,-0.0965918,-0.0199483,0.019106,0.022697,-0.00612839,-0.0522671,-0.1047,-0.0140634,0.943277,54,14.6852,-0.651435,999
"Marin, Comma",kappa_M100,16-64,-0.0515771,-0.100509,-0.025567,0.0199174,0.0278648,0.0156819,-0.067259,-0.118054,-0.0131255,0.94973,20,62.1272,0.438278,999
"Marin, Comma",kappa_M100,64-256,-0.305807,-0.428207,-0.234195,0.0541645,0.0543955,0.0300576,-0.335865,-0.431241,-0.21354,0.736529,13,255.57,1.20605,999
"Marin, Comma",kappa_M100,"256-1,024",-0.723419,-0.88511,-0.643571,0.0628757,0.0828046,0.0391942,-0.762614,-0.918509,-0.588011,0.485091,6,876.107,2.05959,999
"Marin, Comma",kappa_M100,">=1,024",-1.26902,-1.48937,-1.10309,0.113472,0.12893,0.0349183,-1.30394,-1.56048,-1.04344,0.281107,2,1111.94,2.95456,999
"Marin, Comma",kappa_M100,M>=256,-0.85982,-0.997914,-0.789778,0.058206,0.0871736,0.0381253,-0.897945,-1.0693,-0.721847,0.423238,,1111.94,,999
"Marin, DCLM",chin_full,M<16,-0.0839631,-0.124904,-0.0488391,0.0222363,0.0238072,-0.000949527,-0.0830136,-0.133549,-0.0422177,0.919465,55,14.6852,-0.581896,999
"Marin, DCLM",chin_full,16-64,-0.00582262,-0.0375599,0.00417891,0.0118183,0.0191308,0.010321,-0.0161436,-0.056079,0.0176633,0.994194,20,62.1272,0.580112,999
"Marin, DCLM",chin_full,64-256,-0.188585,-0.264113,-0.137719,0.0346372,0.0337899,0.016015,-0.2046,-0.269352,-0.141746,0.828131,13,222.389,1.35982,999
"Marin, DCLM",chin_full,"256-1,024",-0.567929,-0.698347,-0.442824,0.0707881,0.0637144,0.0145983,-0.582527,-0.702562,-0.457106,0.566698,7,876.107,2.27831,999
"Marin, DCLM",chin_full,">=1,024",-1.29811,-1.54136,-1.08733,0.123298,0.13208,0.0220455,-1.32015,-1.55116,-1.05733,0.273048,1,1111.94,3.45728,999
"Marin, DCLM",chin_full,M>=256,-0.659201,-0.783858,-0.536895,0.0647799,0.0649112,0.0155292,-0.67473,-0.793666,-0.54492,0.517264,,1111.94,,999
"Marin, DCLM",chin_M100,M<16,-0.0653519,-0.0910897,-0.0237385,0.0195475,0.024202,-0.0115061,-0.0538459,-0.102413,-0.00825364,0.936738,55,14.6852,-0.581896,999
"Marin, DCLM",chin_M100,16-64,-0.163581,-0.23765,-0.143946,0.0247279,0.0367562,0.0186716,-0.182252,-0.254986,-0.103072,0.849098,20,62.1272,0.580112,999
"Marin, DCLM",chin_M100,64-256,-0.458228,-0.589337,-0.403528,0.0482324,0.0647125,0.0355953,-0.493823,-0.616191,-0.361335,0.632403,13,222.389,1.35982,999
"Marin, DCLM",chin_M100,"256-1,024",-0.948561,-1.17758,-0.81546,0.100308,0.0921464,0.0451048,-0.993666,-1.15774,-0.808072,0.387298,7,876.107,2.27831,999
"Marin, DCLM",chin_M100,">=1,024",-1.73618,-2.0616,-1.52171,0.142205,0.148561,0.0588906,-1.79507,-2.04012,-1.47359,0.176192,1,1111.94,3.45728,999
"Marin, DCLM",chin_M100,M>=256,-1.04701,-1.26921,-0.914,0.0963722,0.0932267,0.046828,-1.09384,-1.25451,-0.888866,0.350984,,1111.94,,999
"Marin, DCLM",kappa_full,M<16,-0.0913716,-0.117473,-0.0422102,0.0194915,0.0265801,-0.0160228,-0.0753488,-0.127471,-0.0262789,0.912679,55,14.6852,-0.581896,999
"Marin, DCLM",kappa_full,16-64,0.0617369,0.0210527,0.0487177,0.00693906,0.0165477,0.0269834,0.0347536,0.00752443,0.0695554,1.06368,20,62.1272,0.580112,999
"Marin, DCLM",kappa_full,64-256,-0.0949633,-0.179122,-0.0950939,0.0235248,0.0315879,0.0442774,-0.139241,-0.192665,-0.0718141,0.909406,13,222.389,1.35982,999
"Marin, DCLM",kappa_full,"256-1,024",-0.454461,-0.620865,-0.387968,0.0636297,0.0689577,0.0519839,-0.506445,-0.623848,-0.35774,0.63479,7,876.107,2.27831,999
"Marin, DCLM",kappa_full,">=1,024",-1.15514,-1.44913,-0.967721,0.13148,0.150282,0.0717851,-1.22692,-1.47315,-0.894215,0.315014,1,1111.94,3.45728,999
"Marin, DCLM",kappa_full,M>=256,-0.542045,-0.709962,-0.474859,0.0599705,0.0734195,0.054459,-0.596504,-0.72557,-0.439804,0.581558,,1111.94,,999
"Marin, DCLM",kappa_M100,M<16,-0.051708,-0.100265,-0.0302047,0.0193804,0.0250094,0.0086902,-0.0603982,-0.111463,-0.0144146,0.949606,55,14.6852,-0.581896,999
"Marin, DCLM",kappa_M100,16-64,-0.0520319,-0.07734,-0.0316145,0.0117864,0.0276366,0.00307669,-0.0551086,-0.106115,0.000627034,0.949299,20,62.1272,0.580112,999
"Marin, DCLM",kappa_M100,64-256,-0.279567,-0.353962,-0.198996,0.0405355,0.0598878,-0.000343024,-0.279224,-0.385089,-0.149469,0.756111,13,222.389,1.35982,999
"Marin, DCLM",kappa_M100,"256-1,024",-0.701928,-0.831843,-0.550658,0.081907,0.0887764,-0.0103542,-0.691573,-0.856724,-0.522993,0.495629,7,876.107,2.27831,999
"Marin, DCLM",kappa_M100,">=1,024",-1.45884,-1.62619,-1.24475,0.10506,0.14454,-0.00878374,-1.45006,-1.6963,-1.14181,0.232505,1,1111.94,3.45728,999
"Marin, DCLM",kappa_M100,M>=256,-0.796542,-0.910763,-0.659911,0.072643,0.0894413,-0.0101579,-0.786384,-0.955651,-0.617279,0.450885,,1111.94,,999
"Marin, Nemotron-CC",chin_full,M<16,-0.0923222,-0.124551,-0.0515087,0.0192762,0.0190837,-0.00466773,-0.0876545,-0.123661,-0.0503749,0.911811,64,14.8196,-0.445509,999
"Marin, Nemotron-CC",chin_full,16-64,0.0095954,-0.0310243,0.0161939,0.0139198,0.0236544,0.0140983,-0.00450286,-0.051255,0.0404749,1.00964,24,62.1272,0.52984,999
"Marin, Nemotron-CC",chin_full,64-256,-0.144438,-0.210061,-0.130528,0.0211417,0.0263076,0.0239196,-0.168358,-0.221177,-0.119776,0.865508,13,255.57,1.3099,999
"Marin, Nemotron-CC",chin_full,"256-1,024",-0.471409,-0.586121,-0.417957,0.0438543,0.0568191,0.0290518,-0.500461,-0.613493,-0.388722,0.624122,6,876.107,2.16821,999
"Marin, Nemotron-CC",chin_full,">=1,024",-1.09147,-1.4157,-0.761416,0.164721,0.150392,0.0227961,-1.11427,-1.38157,-0.823253,0.335722,2,1111.94,3.18162,999
"Marin, Nemotron-CC",chin_full,M>=256,-0.626425,-0.787682,-0.510656,0.0702335,0.0745959,0.0274879,-0.653913,-0.801105,-0.503843,0.534499,,1111.94,,999
"Marin, Nemotron-CC",chin_M100,M<16,-0.0898858,-0.115253,-0.0495373,0.0172225,0.0185516,-0.00917459,-0.0807113,-0.11979,-0.047239,0.914036,64,14.8196,-0.445509,999
"Marin, Nemotron-CC",chin_M100,16-64,-0.241927,-0.300343,-0.211139,0.0274579,0.0305807,0.0146588,-0.256586,-0.312669,-0.194085,0.785114,24,62.1272,0.52984,999
"Marin, Nemotron-CC",chin_M100,64-256,-0.567097,-0.671738,-0.507486,0.0446174,0.0547707,0.0240443,-0.591141,-0.693053,-0.479896,0.56717,13,255.57,1.3099,999
"Marin, Nemotron-CC",chin_M100,"256-1,024",-1.03948,-1.14374,-0.981729,0.0427846,0.0809338,0.0287833,-1.06827,-1.22538,-0.907688,0.353637,6,876.107,2.16821,999
"Marin, Nemotron-CC",chin_M100,">=1,024",-1.75466,-2.03426,-1.48841,0.141331,0.163979,0.0240357,-1.7787,-2.07359,-1.45918,0.172966,2,1111.94,3.18162,999
"Marin, Nemotron-CC",chin_M100,M>=256,-1.21828,-1.35291,-1.12816,0.0571283,0.0954458,0.0275964,-1.24587,-1.4251,-1.04784,0.295739,,1111.94,,999
"Marin, Nemotron-CC",kappa_full,M<16,-0.0785606,-0.0967175,-0.0433365,0.014502,0.0178648,-0.00826903,-0.0702916,-0.103526,-0.0337171,0.924446,64,14.8196,-0.445509,999
"Marin, Nemotron-CC",kappa_full,16-64,0.0649628,0.0213404,0.0600631,0.00972839,0.0200546,0.0240672,0.0408956,0.00298714,0.081187,1.06712,24,62.1272,0.52984,999
"Marin, Nemotron-CC",kappa_full,64-256,-0.0763886,-0.137202,-0.0948929,0.0107725,0.0245215,0.0406693,-0.117058,-0.170202,-0.0680925,0.926456,13,255.57,1.3099,999
"Marin, Nemotron-CC",kappa_full,"256-1,024",-0.392675,-0.529392,-0.353978,0.0446786,0.0606025,0.051549,-0.444224,-0.561986,-0.328486,0.675248,6,876.107,2.16821,999
"Marin, Nemotron-CC",kappa_full,">=1,024",-0.99871,-1.35488,-0.675847,0.17001,0.158404,0.0501364,-1.04885,-1.3145,-0.770374,0.368354,2,1111.94,3.18162,999
"Marin, Nemotron-CC",kappa_full,M>=256,-0.544184,-0.733763,-0.442889,0.0732253,0.0803648,0.0511959,-0.59538,-0.744417,-0.440078,0.580315,,1111.94,,999
"Marin, Nemotron-CC",kappa_M100,M<16,-0.0596125,-0.105153,-0.0354796,0.0181722,0.0175078,0.00890859,-0.0685211,-0.100612,-0.0344205,0.94213,64,14.8196,-0.445509,999
"Marin, Nemotron-CC",kappa_M100,16-64,-0.0298691,-0.0522796,-0.00602272,0.0120706,0.0262111,0.00142395,-0.031293,-0.0775229,0.0270681,0.970573,24,62.1272,0.52984,999
"Marin, Nemotron-CC",kappa_M100,64-256,-0.237558,-0.273236,-0.187079,0.0218767,0.0528674,-0.00640485,-0.231153,-0.324237,-0.122646,0.788551,13,255.57,1.3099,999
"Marin, Nemotron-CC",kappa_M100,"256-1,024",-0.610149,-0.659569,-0.533482,0.0320621,0.0834255,-0.0162698,-0.59388,-0.74293,-0.427604,0.54327,6,876.107,2.16821,999
"Marin, Nemotron-CC",kappa_M100,">=1,024",-1.25775,-1.50582,-0.912937,0.150964,0.164458,-0.032353,-1.2254,-1.51947,-0.911469,0.284292,2,1111.94,3.18162,999
"Marin, Nemotron-CC",kappa_M100,M>=256,-0.77205,-0.864365,-0.643855,0.0568139,0.0973509,-0.0202906,-0.751759,-0.939188,-0.550583,0.462065,,1111.94,,999
Llama 3,chin_full,M<16,0.416622,0.309659,0.465098,0.0405487,0.0431136,0.0237212,0.3929,0.302446,0.472353,1.51683,70,15.6188,-0.803883,999
Llama 3,chin_full,16-64,-0.0878375,-0.133356,-0.0573085,0.0205934,0.0198404,0.00861031,-0.0964478,-0.132752,-0.0555559,0.91591,38,54.6146,0.28621,999
Llama 3,chin_full,64-256,-0.401295,-0.434923,-0.358667,0.0193438,0.0407274,-0.00458234,-0.396713,-0.467373,-0.305195,0.669452,16,205.906,0.971544,999
Llama 3,chin_full,"256-1,024",-0.848013,-0.957553,-0.665322,0.0786654,0.132432,-0.015544,-0.832469,-1.02247,-0.531434,0.428265,2,290.001,1.69636,999
Llama 3,chin_full,">=1,024",,,,,,,,,,,0,,,0
Llama 3,chin_full,M>=256,-0.848013,-0.957553,-0.665322,0.0786654,0.132432,-0.015544,-0.832469,-1.02247,-0.531434,0.428265,,290.001,,999
Llama 3,chin_M100,M<16,0.374123,0.28983,0.438601,0.0386935,0.0412969,0.00386154,0.370261,0.285011,0.447365,1.45372,70,15.6188,-0.803883,999
Llama 3,chin_M100,16-64,-0.156066,-0.190584,-0.114472,0.0199051,0.0178204,-0.00620854,-0.149858,-0.181909,-0.113062,0.855502,38,54.6146,0.28621,999
Llama 3,chin_M100,64-256,-0.459316,-0.493608,-0.418291,0.0192077,0.0417153,-0.00575766,-0.453558,-0.521963,-0.356996,0.631716,16,205.906,0.971544,999
Llama 3,chin_M100,"256-1,024",-0.895561,-1.01754,-0.722244,0.0796238,0.133487,-0.00540197,-0.890159,-1.07231,-0.562064,0.408378,2,290.001,1.69636,999
Llama 3,chin_M100,">=1,024",,,,,,,,,,,0,,,0
Llama 3,chin_M100,M>=256,-0.895561,-1.01754,-0.722244,0.0796238,0.133487,-0.00540197,-0.890159,-1.07231,-0.562064,0.408378,,290.001,,999
Llama 3,kappa_full,M<16,0.27319,0.217537,0.346409,0.0328349,0.0367715,-0.0171173,0.290307,0.21469,0.354958,1.31415,70,15.6188,-0.803883,999
Llama 3,kappa_full,16-64,0.0414951,0.0236895,0.0658394,0.0105695,0.00910561,-0.00187457,0.0433697,0.0255802,0.061335,1.04237,38,54.6146,0.28621,999
Llama 3,kappa_full,64-256,-0.0784963,-0.147595,-0.0460331,0.0243784,0.0407007,0.0165705,-0.0950668,-0.172153,-0.0105573,0.924505,16,205.906,0.971544,999
Llama 3,kappa_full,"256-1,024",-0.37837,-0.567839,-0.228653,0.0903832,0.129494,0.0305814,-0.408952,-0.596757,-0.114255,0.684977,2,290.001,1.69636,999
Llama 3,kappa_full,">=1,024",,,,,,,,,,,0,,,0
Llama 3,kappa_full,M>=256,-0.37837,-0.567839,-0.228653,0.0903832,0.129494,0.0305814,-0.408952,-0.596757,-0.114255,0.684977,,290.001,,999
Llama 3,kappa_M100,M<16,0.235565,0.169153,0.307273,0.0347682,0.0372555,-0.0110877,0.246653,0.166521,0.313991,1.26562,70,15.6188,-0.803883,999
Llama 3,kappa_M100,16-64,0.0371016,0.00847366,0.0761972,0.018307,0.0144285,-0.00536661,0.0424683,0.0198196,0.0728419,1.0378,38,54.6146,0.28621,999
Llama 3,kappa_M100,64-256,-0.0205438,-0.111041,0.0451038,0.0415421,0.0537388,0.0147032,-0.0352469,-0.11668,0.0864156,0.979666,16,205.906,0.971544,999
Llama 3,kappa_M100,"256-1,024",-0.269384,-0.49067,-0.0872729,0.107353,0.144674,0.0307449,-0.300129,-0.515608,0.0356771,0.76385,2,290.001,1.69636,999
Llama 3,kappa_M100,">=1,024",,,,,,,,,,,0,,,0
Llama 3,kappa_M100,M>=256,-0.269384,-0.49067,-0.0872729,0.107353,0.144674,0.0307449,-0.300129,-0.515608,0.0356771,0.76385,,290.001,,999
