model,hf,family,lab,org,country,date,date_src,open_weights,arch,moe,N_total,N_active,N,N_src,N_rep,N_gap,N_emb,tied,N_nonemb,D,D_src,D_card_verified,D_obs,epoch_model,epoch_D,epoch_DC,D_vs_epoch,confidence,M,C6,code,distilled,synthetic,continued,mm,base_released,dl30,dl_all,dl30_instruct,dlall_instruct,n_instruct_found,dl30_total,dlall_total,likes,hf_found,in_A,sample,note
Llama-2-7b-hf,meta-llama/Llama-2-7b-hf,Llama-2,Meta,Meta AI,United States of America,2023-07-18 00:00:00,Epoch publication date,True,dense,False,6738417664.0,6738417664.0,6738417664.0,HF safetensors (float tensors),7000000000.0,-0.03736890514285718,262144000.0,False,6476273664.0,2000000000000.0,ObsScaling,,2000000000000.0,Llama 2-7B,2000000000000.0,2077639098388.7815,0.0,Confident,296.80558548411165,8.0861011968e+22,False,False,False,False,False,True,854075.0,34451637.0,499693.0,31879310.0,1,1353768.0,66330947.0,2418.0,True,True,B,
Llama-2-13b-hf,meta-llama/Llama-2-13b-hf,Llama-2,Meta,Meta AI,United States of America,2023-07-18 00:00:00,Epoch publication date,True,dense,False,13015866880.0,13015866880.0,13015866880.0,HF safetensors (float tensors),13000000000.0,0.0012205292307692073,327680000.0,False,12688186880.0,2000000000000.0,ObsScaling,,2000000000000.0,Llama 2-13B,2000000000000.0,2048781453630.4375,0.0,Confident,153.6586090222828,1.5619040256e+23,False,False,False,False,False,True,29828.0,3568191.0,157302.0,16092899.0,1,187130.0,19661090.0,637.0,True,True,B,
Llama-2-70b-hf,meta-llama/Llama-2-70b-hf,Llama-2,Meta,Meta AI,United States of America,2023-07-18 00:00:00,Epoch publication date,True,dense,False,68976653312.0,68976653312.0,68976653312.0,HF safetensors (float tensors),70000000000.0,-0.014619238400000012,524288000.0,False,68452365312.0,2000000000000.0,ObsScaling,,2000000000000.0,Llama 2-70B,2000000000000.0,1957183967586.2295,0.0,Confident,28.99531803831451,8.27719839744e+23,False,False,False,False,False,True,3455.0,2548499.0,5448.0,4932899.0,1,8903.0,7481398.0,855.0,True,True,B,
llama-7b,huggyllama/llama-7b,Llama,Meta,Meta AI,United States of America,2023-02-24 00:00:00,Epoch publication date,True,dense,False,6738417664.0,6738417664.0,6738417664.0,HF safetensors (float tensors),6700000000.0,0.005733979701492586,262144000.0,False,6476273664.0,1000000000000.0,ObsScaling,,1000000000000.0,LLaMA-7B,1000000000000.0,989351954087.0854,0.0,Confident,148.40279274205582,4.0430505984e+22,False,False,False,False,False,True,246007.0,7861305.0,0.0,0.0,0,246007.0,7861305.0,360.0,True,True,B,
llama-13b,huggyllama/llama-13b,Llama,Meta,Meta AI,United States of America,2023-02-27 00:00:00,Epoch publication date,True,dense,False,13015866880.0,13015866880.0,13015866880.0,HF safetensors (float tensors),13000000000.0,0.0012205292307692073,327680000.0,False,12688186880.0,1000000000000.0,ObsScaling,,1000000000000.0,LLaMA-13B,1000000000000.0,998780958644.8383,0.0,Confident,76.8293045111414,7.809520128e+22,False,False,False,False,False,True,1284.0,1055759.0,0.0,0.0,0,1284.0,1055759.0,145.0,True,True,B,
llama-30b,huggyllama/llama-30b,Llama,Meta,Meta AI,United States of America,2023-02-27 00:00:00,Epoch publication date,True,dense,False,32528947456.0,32528947456.0,32528947456.0,HF safetensors (float tensors),32500000000.0,0.000890690953846196,425984000.0,False,32102963456.0,1400000000000.0,ObsScaling,,1400000000000.0,LLaMA-33B,1456000000000.0,1398754142338.8152,-0.017033339298780342,Confident,43.03858899503889,2.732431586304e+23,False,False,False,False,False,True,1596.0,618296.0,0.0,0.0,0,1596.0,618296.0,48.0,True,True,B,
llama-65b,huggyllama/llama-65b,Llama,Meta,Meta AI,United States of America,2023-02-24 00:00:00,Epoch publication date,True,dense,False,65285665792.0,65285665792.0,65285665792.0,HF safetensors (float tensors),65200000000.0,0.0013138925153375336,524288000.0,False,64761377792.0,1400000000000.0,ObsScaling,,1400000000000.0,LLaMA-65B,1526000000000.0,1404085652717.65,-0.03742649794062361,Confident,21.444217241505925,5.483995926528e+23,False,False,False,False,False,True,800.0,291920.0,0.0,0.0,0,800.0,291920.0,78.0,True,True,B,
Meta-Llama-3-70B,meta-llama/Meta-Llama-3-70B,Llama-3,Meta,Meta AI,United States of America,2024-04-18 00:00:00,Epoch publication date,True,dense,False,70553706496.0,70553706496.0,70553706496.0,HF safetensors (float tensors),70000000000.0,0.00791009279999999,2101346304.0,False,68452360192.0,15000000000000.0,ObsScaling,,15000000000000.0,Llama 3-70B,15000000000000.0,18569777999415.89,0.0,Confident,212.60399694026586,6.34983358464e+24,False,False,False,False,False,True,75486.0,4075057.0,119187.0,6441953.0,1,194673.0,10517010.0,881.0,True,True,B,
Meta-Llama-3-8B,meta-llama/Meta-Llama-3-8B,Llama-3,Meta,Meta AI,United States of America,2024-04-18 00:00:00,Epoch publication date,True,dense,False,8030261248.0,8030261248.0,8030261248.0,HF safetensors (float tensors),8000000000.0,0.003782656000000051,1050673152.0,False,6979588096.0,15000000000000.0,ObsScaling,,15000000000000.0,Llama 3-8B,15000000000000.0,14943473978494.404,0.0,Confident,1867.9342473118006,7.2272351232e+23,False,False,False,False,False,True,261762.0,47106818.0,1196477.0,48416627.0,1,1458239.0,95523445.0,6702.0,True,True,B,
Llama-3.1-405B,meta-llama/Llama-3.1-405B,Llama-3.1,Meta,Meta AI,United States of America,2024-07-23 00:00:00,Epoch publication date,True,dense,False,405853388800.0,405853388800.0,405853388800.0,HF safetensors (float tensors),405000000000.0,0.002107132839506143,4202692608.0,False,401650696192.0,15600000000000.0,ObsScaling; fix: 405B: 15.6T per Llama 3 herd report (card: ~15T for all 3.1 sizes),,15000000000000.0,Llama 3.1-405B,15600000000000.0,15604978320026.617,0.0,Confident,38.437525546170825,3.798787719168e+25,False,False,False,False,False,True,103458.0,21315204.0,477699.0,6785493.0,3,581157.0,28100697.0,989.0,True,True,B,
Llama-3.1-70B,meta-llama/Llama-3.1-70B,Llama-3.1,Meta,Meta AI,United States of America,2024-07-23 00:00:00,Epoch publication date,True,dense,False,70553706496.0,70553706496.0,70553706496.0,HF safetensors (float tensors),70000000000.0,0.00791009279999999,2101346304.0,False,68452360192.0,15000000000000.0,ObsScaling,,15000000000000.0,Llama 3.1-70B,15000000000000.0,18730412130437.42,0.0,Confident,212.60399694026586,6.34983358464e+24,False,False,False,False,False,True,36707.0,2332376.0,1053884.0,39066789.0,2,1090591.0,41399165.0,440.0,True,True,B,
Llama-3.1-8B,meta-llama/Llama-3.1-8B,Llama-3.1,Meta,Meta AI,United States of America,2024-07-23 00:00:00,Epoch publication date,True,dense,False,8030261248.0,8030261248.0,8030261248.0,HF safetensors (float tensors),8000000000.0,0.003782656000000051,1050673152.0,False,6979588096.0,15000000000000.0,ObsScaling,,15000000000000.0,Llama 3.1-8B,,25403905763440.49,,Likely,1867.9342473118006,7.2272351232e+23,False,False,False,False,False,True,555281.0,28056284.0,6225344.0,185863394.0,1,6780625.0,213919678.0,2533.0,True,True,B,
Qwen1.5-72B,Qwen/Qwen1.5-72B,Qwen1.5,Alibaba,Alibaba,China,2024-02-04 00:00:00,Epoch publication date,True,dense,False,72287920128.0,72287920128.0,72287920128.0,HF safetensors (float tensors),72000000000.0,0.003998890666666588,2491416576.0,False,69796503552.0,3000000000000.0,ObsScaling,,3000000000000.0,Qwen1.5-72B,3000000000000.0,2997273490273.5566,0.0,Confident,41.50070986532617,1.301182562304e+24,False,False,False,False,False,True,10825.0,272679.0,10733.0,447111.0,1,21558.0,719790.0,60.0,True,True,B,
Qwen1.5-32B,Qwen/Qwen1.5-32B,Qwen1.5,Alibaba,,,2024-04-01 06:19:21,HF upload date,True,dense,False,32512218112.0,32512218112.0,32512218112.0,HF safetensors (float tensors),32000000000.0,0.01600681599999998,1557135360.0,False,30955082752.0,4000000000000.0,ObsScaling,,4000000000000.0,,,,,,123.03067069187851,7.80293234688e+23,False,False,False,False,False,True,10336.0,528473.0,44378.0,636590.0,1,54714.0,1165063.0,85.0,True,False,B,
Qwen1.5-14B,Qwen/Qwen1.5-14B,Qwen1.5,Alibaba,Alibaba,China,2024-02-04 00:00:00,Epoch publication date,True,dense,False,14167290880.0,14167290880.0,14167290880.0,HF safetensors (float tensors),14000000000.0,0.011949348571428597,1557135360.0,False,12610155520.0,4000000000000.0,ObsScaling,,4000000000000.0,Qwen1.5-14B,,3952767009185.5977,,Confident,282.34050065611416,3.4001498112e+23,False,False,False,False,False,True,10611.0,856700.0,13001.0,837119.0,1,23612.0,1693819.0,41.0,True,True,B,
Qwen1.5-7B,Qwen/Qwen1.5-7B,Qwen1.5,Alibaba,Alibaba,China,2024-02-04 00:00:00,Epoch publication date,True,dense,False,7721324544.0,7721324544.0,7721324544.0,HF safetensors (float tensors),7000000000.0,0.10304636342857143,1244659712.0,False,6476664832.0,4000000000000.0,ObsScaling,,4000000000000.0,Qwen1.5-7B,,3626320826231.5464,,Confident,518.0458323187923,1.85311789056e+23,False,False,False,False,False,True,86715.0,3577233.0,14052.0,969534.0,1,100767.0,4546767.0,56.0,True,True,B,
Qwen1.5-4B,Qwen/Qwen1.5-4B,Qwen1.5,Alibaba,,,2024-01-22 17:01:16,HF upload date,True,dense,False,3950369280.0,3950369280.0,3950369280.0,HF safetensors (float tensors),4000000000.0,-0.012407680000000032,777912320.0,False,3172456960.0,2400000000000.0,ObsScaling,,2400000000000.0,,,,,,607.5381388142022,5.6885317632e+22,False,False,False,False,False,True,12173.0,467736.0,17700.0,991598.0,1,29873.0,1459334.0,37.0,True,False,B,
Qwen1.5-1.8B,Qwen/Qwen1.5-1.8B,Qwen1.5,Alibaba,,,2024-01-22 16:53:32,HF upload date,True,dense,False,1836828672.0,1836828672.0,1836828672.0,HF safetensors (float tensors),1800000000.0,0.02046037333333328,622329856.0,False,1214498816.0,2400000000000.0,ObsScaling,,2400000000000.0,,,,,,1306.5998133548298,2.64503328768e+22,False,False,False,False,False,True,14390.0,3359853.0,57025.0,1326344.0,1,71415.0,4686197.0,61.0,True,False,B,
Qwen1.5-0.5B,Qwen/Qwen1.5-0.5B,Qwen1.5,Alibaba,,,2024-01-22 16:30:10,HF upload date,True,dense,False,619570176.0,619570176.0,619570176.0,HF safetensors (float tensors),500000000.0,0.23914035199999994,155582464.0,True,463987712.0,2400000000000.0,ObsScaling,,2400000000000.0,,,,,,3873.6532082525546,8.9218105344e+21,False,False,False,False,False,True,41590.0,4084126.0,68120.0,8051684.0,1,109710.0,12135810.0,176.0,True,False,B,
Qwen-72B,Qwen/Qwen-72B,Qwen,Alibaba,Alibaba,China,2023-11-30 00:00:00,Epoch publication date,True,dense,False,72287920128.0,72287920128.0,72287920128.0,HF safetensors (float tensors),72000000000.0,0.003998890666666588,2491416576.0,False,69796503552.0,3000000000000.0,ObsScaling,,3000000000000.0,Qwen-72B,3000000000000.0,2997273490273.5566,0.0,Confident,41.50070986532617,1.301182562304e+24,False,False,False,False,False,True,4097120.0,7516602.0,2810.0,153720.0,1,4099930.0,7670322.0,362.0,True,True,B,
Qwen-14B,Qwen/Qwen-14B,Qwen,Alibaba,Alibaba,China,2023-09-28 00:00:00,Epoch publication date,True,dense,False,14167290880.0,14167290880.0,14167290880.0,HF safetensors (float tensors),14000000000.0,0.011949348571428597,1557135360.0,False,12610155520.0,3000000000000.0,ObsScaling,,3000000000000.0,Qwen-14B,3000000000000.0,2941046881834.5225,0.0,Confident,211.75537549208562,2.5501123584e+23,False,False,False,False,False,True,5070.0,323146.0,3848.0,515844.0,1,8918.0,838990.0,214.0,True,True,B,
Qwen-7B,Qwen/Qwen-7B,Qwen,Alibaba,Alibaba,China,2023-09-28 00:00:00,Epoch publication date,True,dense,False,7721324544.0,7721324544.0,7721324544.0,HF safetensors (float tensors),7000000000.0,0.10304636342857143,1244659712.0,False,6476664832.0,2400000000000.0,ObsScaling,,2400000000000.0,Qwen-7B,2400000000000.0,2180109544341.5845,0.0,Confident,310.8274993912754,1.111870734336e+23,False,False,False,False,False,True,35500.0,2173112.0,41546.0,2630865.0,1,77046.0,4803977.0,399.0,True,True,B,
Qwen2-72B,Qwen/Qwen2-72B,Qwen2,Alibaba,Alibaba,China,2024-06-07 00:00:00,Epoch publication date,True,dense,False,72706203648.0,72706203648.0,72706203648.0,HF safetensors (float tensors),72000000000.0,0.009808384000000059,2491416576.0,False,70214787072.0,7000000000000.0,ObsScaling; fix: missing in ObsScaling; Qwen2 report and Epoch: 7T,,,Qwen2-72B,7000000000000.0,6922838878648.823,0.0,Confident,96.27789168981808,3.053660553216e+24,False,False,False,False,False,True,15110.0,525680.0,22593.0,1441613.0,1,37703.0,1967293.0,199.0,True,True,B,
Qwen2-7B,Qwen/Qwen2-7B,Qwen2,Alibaba,Alibaba,China,2024-06-07 00:00:00,Epoch publication date,True,dense,False,7615616512.0,7615616512.0,7615616512.0,HF safetensors (float tensors),7000000000.0,0.08794521600000005,1089994752.0,False,6525621760.0,7000000000000.0,ObsScaling; fix: missing in ObsScaling; Qwen2 report and Epoch: 7T,,,Qwen2-7B,7000000000000.0,6434147507662.958,0.0,Confident,919.1639296661056,3.19855893504e+23,False,False,False,False,False,True,162209.0,2156883.0,331881.0,26198933.0,1,494090.0,28355816.0,175.0,True,True,B,
Qwen2-1.5B,Qwen/Qwen2-1.5B,Qwen2,Alibaba,Alibaba,China,2024-06-07 00:00:00,Epoch publication date,True,dense,False,1543714304.0,1543714304.0,1543714304.0,HF safetensors (float tensors),1500000000.0,0.02914286933333332,233373696.0,True,1310340608.0,7000000000000.0,ObsScaling; fix: missing in ObsScaling; Qwen2 report and Epoch: 7T,,,Qwen2-1.5B,7000000000000.0,6801776710102.96,0.0,Confident,4534.517806735306,6.4836000768e+22,False,False,False,False,False,True,120192.0,2945875.0,619742.0,31667389.0,1,739934.0,34613264.0,103.0,True,True,B,
Qwen2-0.5B,Qwen/Qwen2-0.5B,Qwen2,Alibaba,Alibaba,China,2024-06-07 00:00:00,Epoch publication date,True,dense,False,494032768.0,494032768.0,494032768.0,HF safetensors (float tensors),500000000.0,-0.011934463999999978,136134656.0,True,357898112.0,12000000000000.0,ObsScaling; fix: missing in ObsScaling; Qwen2 report and Epoch: 12T,,,Qwen2-0.5B,12000000000000.0,12144943389666.008,0.0,Confident,24289.886779332013,3.5570359296e+22,False,False,False,False,False,True,687439.0,15821650.0,310206.0,8677345.0,1,997645.0,24498995.0,172.0,True,True,B,
DeepSeek-V2,deepseek-ai/DeepSeek-V2,DeepSeek-V2,DeepSeek,DeepSeek,China,2024-05-07 00:00:00,Epoch publication date,True,moe,True,235741434880.0,21000000000.0,21000000000.0,HF safetensors (float tensors),236000000000.0,-0.0010956149152542283,1048576000.0,False,,8100000000000.0,ObsScaling,,8100000000000.0,DeepSeek-V2 (MoE-236B),8100000000000.0,8095238095238.096,0.0,Confident,385.7142857142857,1.0206e+24,False,False,False,False,False,True,39677.0,920616.0,16954.0,396562.0,1,56631.0,1317178.0,336.0,True,True,B,
DeepSeek-Coder-V2-Base,deepseek-ai/DeepSeek-Coder-V2-Base,DeepSeek-Coder-V2,DeepSeek,,,2024-06-14 03:45:54,HF upload date,True,moe,True,235741434880.0,21000000000.0,21000000000.0,HF safetensors (float tensors),236000000000.0,-0.0010956149152542283,1048576000.0,False,,10200000000000.0,ObsScaling,,10200000000000.0,,,,,,485.7142857142857,1.2852e+24,True,False,False,True,False,True,2265.0,290430.0,0.0,0.0,0,2265.0,290430.0,83.0,True,False,B,
Yi-6B,01-ai/Yi-6B,Yi,01.AI,01.AI,China,2023-11-02 00:00:00,Epoch publication date,True,dense,False,6061035520.0,6061035520.0,6061035520.0,HF safetensors (float tensors),6000000000.0,0.01017258666666665,524288000.0,False,5536747520.0,3000000000000.0,ObsScaling,,3000000000000.0,Yi 6B,,3464754484725.4087,,Confident,494.9649263893441,1.0909863936e+23,False,False,False,False,False,True,14299.0,478727.0,30087.0,591109.0,1,44386.0,1069836.0,376.0,True,True,B,
Yi-34B,01-ai/Yi-34B,Yi,01.AI,01.AI,China,2023-11-02 00:00:00,Epoch publication date,True,dense,False,34388917248.0,34388917248.0,34388917248.0,HF safetensors (float tensors),34000000000.0,0.011438742588235185,917504000.0,False,33471413248.0,3000000000000.0,ObsScaling,,3000000000000.0,Yi-34B,3100000000000.0,2956378822092.15,-0.01424043911461023,Confident,87.23740786501426,6.19000510464e+23,False,False,False,False,False,True,11082.0,526245.0,32186.0,743225.0,1,43268.0,1269470.0,1302.0,True,True,B,
Yi-1.5-34B,01-ai/Yi-1.5-34B,Yi-1.5,01.AI,01.AI,China,2024-05-13 00:00:00,Epoch publication date,True,dense,False,34388917248.0,34388917248.0,34388917248.0,HF safetensors (float tensors),34000000000.0,0.011438742588235185,917504000.0,False,33471413248.0,3600000000000.0,ObsScaling,,3600000000000.0,Yi-1.5-34B,,3559286240892.582,,Confident,104.68488943801712,7.428006125568e+23,False,False,False,True,False,True,9353.0,205523.0,17103.0,480949.0,1,26456.0,686472.0,50.0,True,True,B,
Yi-1.5-9B,01-ai/Yi-1.5-9B,Yi-1.5,01.AI,01.AI,China,2024-05-13 00:00:00,Epoch publication date,True,dense,False,8829407232.0,8829407232.0,8829407232.0,HF safetensors (float tensors),9000000000.0,-0.018954751999999964,524288000.0,False,8305119232.0,3600000000000.0,ObsScaling,,3600000000000.0,Yi-1.5-9B,,3600241688342.5957,,Confident,407.72839052577524,1.907151962112e+23,False,False,False,True,False,True,14395.0,481081.0,20015.0,613056.0,1,34410.0,1094137.0,53.0,True,True,B,
Yi-1.5-6B,01-ai/Yi-1.5-6B,Yi-1.5,01.AI,,,2024-05-11 08:25:23,HF upload date,True,dense,False,6061035520.0,6061035520.0,6061035520.0,HF safetensors (float tensors),6000000000.0,0.01017258666666665,524288000.0,False,5536747520.0,3600000000000.0,ObsScaling,,3600000000000.0,,,,,,593.9579116672129,1.30918367232e+23,False,False,False,True,False,True,13448.0,246968.0,8813.0,298469.0,1,22261.0,545437.0,32.0,True,False,B,
gemma-7b,google/gemma-7b,Gemma,Google,Google DeepMind,United States of America,2024-02-21 00:00:00,Epoch publication date,True,dense,False,8537680896.0,8537680896.0,8537680896.0,HF safetensors (float tensors),7000000000.0,0.21966869942857148,786432000.0,True,7751248896.0,6000000000000.0,ObsScaling,,6000000000000.0,Gemma 7B,6000000000000.0,5993040415768.974,0.0,Confident,702.7669542921273,3.07356512256e+23,False,False,False,False,False,True,25111.0,3204233.0,47928.0,6625568.0,2,73039.0,9829801.0,3442.0,True,True,B,
gemma-2b,google/gemma-2b,Gemma,Google,Google DeepMind,United States of America,2024-02-21 00:00:00,Epoch publication date,True,dense,False,2506172416.0,2506172416.0,2506172416.0,HF safetensors (float tensors),2000000000.0,0.25308620800000003,524288000.0,True,1981884416.0,3000000000000.0,ObsScaling; fix: ObsScaling/card: 6T total dataset; Gemma report and Epoch: 2B trained on 3T,,6000000000000.0,Gemma 2B,3000000000000.0,3000313792722.977,0.0,Confident,1197.044537258206,4.5111103488e+22,False,False,False,False,False,True,129692.0,10177389.0,105397.0,8371846.0,2,235089.0,18549235.0,1247.0,True,True,B,
gemma-2-27b,google/gemma-2-27b,Gemma-2,Google,Google DeepMind,United States of America,2024-06-24 00:00:00,Epoch publication date,True,dense,False,27227128320.0,27227128320.0,27227128320.0,HF safetensors (float tensors),27000000000.0,0.008412160000000002,1179648000.0,True,26047480320.0,13000000000000.0,ObsScaling,,13000000000000.0,Gemma 2 27B,13000000000000.0,12891554183559.23,0.0,Confident,477.464969761453,2.12371600896e+24,False,False,False,False,False,True,4051.0,1016867.0,28555.0,5331261.0,1,32606.0,6348128.0,211.0,True,True,B,
gemma-2-9b,google/gemma-2-9b,Gemma-2,Google,Google DeepMind,United States of America,2024-06-24 00:00:00,Epoch publication date,True,dense,False,9241705984.0,9241705984.0,9241705984.0,HF safetensors (float tensors),9000000000.0,0.026856220444444467,917504000.0,True,8324201984.0,8000000000000.0,ObsScaling,,8000000000000.0,Gemma 2 9B,8000000000000.0,7790769380096.307,0.0,Confident,865.6410422329228,4.43601887232e+23,False,True,False,False,False,True,33080.0,2128358.0,864175.0,11665863.0,1,897255.0,13794221.0,738.0,True,True,B,
gemma-2-2b,google/gemma-2-2b,Gemma-2,Google,Google DeepMind,United States of America,2024-06-24 00:00:00,Epoch publication date,True,dense,False,2614341888.0,2614341888.0,2614341888.0,HF safetensors (float tensors),2000000000.0,0.3071709439999999,589824000.0,True,2024517888.0,2000000000000.0,ObsScaling,,2000000000000.0,Gemma 2 2B,2000000000000.0,1989028299576.4019,0.0,Confident,765.0108844524623,3.1372102656e+22,False,True,False,False,False,True,173760.0,26213188.0,679797.0,11862182.0,1,853557.0,38075370.0,708.0,True,True,B,
falcon-180B,tiiuae/falcon-180B,Falcon,TII,Technology Innovation Institute,United Arab Emirates,2023-09-06 00:00:00,Epoch publication date,True,dense,False,179522565120.0,179522565120.0,179522565120.0,HF safetensors (float tensors),180000000000.0,-0.0026524159999999908,,,,3500000000000.0,ObsScaling,,3500000000000.0,Falcon-180B,3500000000000.0,3490740377109.5728,0.0,Confident,19.49615636151623,3.76997386752e+24,False,False,False,False,False,True,58.0,282309.0,43.0,226629.0,1,101.0,508938.0,1152.0,True,True,B,
falcon-40b,tiiuae/falcon-40b,Falcon,TII,Technology Innovation Institute,United Arab Emirates,2023-03-15 00:00:00,Epoch publication date,True,dense,False,41835970560.0,41835970560.0,41835970560.0,HF safetensors (float tensors),40000000000.0,0.045899263999999995,532676608.0,True,41303293952.0,1000000000000.0,ObsScaling,,1000000000000.0,Falcon-40B,1000000000000.0,956115024094.7106,0.0,Confident,23.902875602367764,2.5101582336e+23,False,False,False,False,False,True,6466.0,2727683.0,5146.0,10522264.0,1,11612.0,13249947.0,2439.0,True,True,B,
falcon-7b,tiiuae/falcon-7b,Falcon,TII,Technology Innovation Institute,United Arab Emirates,2023-04-24 00:00:00,Epoch publication date,True,dense,False,7217189760.0,7217189760.0,7217189760.0,HF safetensors (float tensors),7000000000.0,0.031027108571428652,295469056.0,True,6921720704.0,1500000000000.0,ObsScaling,,1500000000000.0,Falcon-7B,1500000000000.0,1454859903808.321,0.0,Confident,207.83712911547445,6.495470784e+22,False,False,False,False,False,True,386982.0,16451518.0,32332.0,27169452.0,1,419314.0,43620970.0,1105.0,True,True,B,
falcon-rw-1b,tiiuae/falcon-rw-1b,Falcon-RW,TII,,,2023-04-26 00:00:00,release date (paper/Epoch sibling),True,dense,False,1000000000.0,1000000000.0,1000000000.0,reported,1000000000.0,,103022592.0,True,896977408.0,350000000000.0,ObsScaling,,350000000000.0,,,,,,350.0,2.1e+21,False,False,False,False,False,True,8839.0,2281362.0,0.0,0.0,0,8839.0,2281362.0,119.0,True,False,B,
phi-2,microsoft/phi-2,Phi-2,Microsoft,Microsoft,United States of America,2023-12-12 00:00:00,Epoch publication date,True,dense,False,2779683840.0,2779683840.0,2779683840.0,HF safetensors (float tensors),2700000000.0,0.029512533333333257,262144000.0,False,2517539840.0,1400000000000.0,ObsScaling,,1400000000000.0,Phi-2,250000000000.0,1361066060424.0996,0.7481880270062004,Confident,503.65440121420426,2.3349344256e+22,False,False,True,False,False,True,586842.0,23376475.0,0.0,0.0,0,586842.0,23376475.0,3523.0,True,True,B,
phi-1_5,microsoft/phi-1_5,Phi-1.5,Microsoft,Microsoft,United States of America,2023-09-11 00:00:00,Epoch publication date,True,dense,False,1418270720.0,1418270720.0,1418270720.0,HF safetensors (float tensors),1300000000.0,0.0909774769230769,209715200.0,False,1208555520.0,150000000000.0,ObsScaling,,150000000000.0,Phi-1.5,150000000000.0,137491381053.11798,0.0,Confident,105.76260081009076,1.276443648e+21,False,False,True,False,False,True,62883.0,3763353.0,0.0,0.0,0,62883.0,3763353.0,1363.0,True,True,B,
bloom-560m,bigscience/bloom-560m,BLOOM,BigScience,"Hugging Face,BigScience","United States of America,France",2022-07-05 00:00:00,Epoch publication date,True,dense,False,559214592.0,559214592.0,559214592.0,HF safetensors (float tensors),560000000.0,-0.0014025142857142514,,,,341000000000.0,ObsScaling,,341000000000.0,BLOOM-560M,354000000000.0,,-0.016248883033290126,Confident,609.7838019219641,1.144153055232e+21,False,False,False,False,False,True,512921.0,26408275.0,0.0,0.0,0,512921.0,26408275.0,375.0,True,True,B,
bloom-1b1,bigscience/bloom-1b1,BLOOM,BigScience,"Hugging Face,BigScience","United States of America,France",2022-07-05 00:00:00,Epoch publication date,True,dense,False,1065314304.0,1065314304.0,1065314304.0,HF safetensors (float tensors),1100000000.0,-0.03153245090909096,,,,341000000000.0,ObsScaling,,341000000000.0,BLOOM-1B,354000000000.0,,-0.016248883033290126,Confident,320.0933271238607,2.179633065984e+21,False,False,False,False,False,True,12620.0,990358.0,0.0,0.0,0,12620.0,990358.0,67.0,True,True,B,
bloom-3b,bigscience/bloom-3b,BLOOM,BigScience,"Hugging Face,BigScience","United States of America,France",2022-07-05 00:00:00,Epoch publication date,True,dense,False,3002557440.0,3002557440.0,3002557440.0,HF safetensors (float tensors),3000000000.0,0.0008524800000000443,,,,341000000000.0,ObsScaling,,341000000000.0,BLOOM-3B,354000000000.0,,-0.016248883033290126,Confident,113.56985064039274,6.14323252224e+21,False,False,False,False,False,True,11777.0,889915.0,0.0,0.0,0,11777.0,889915.0,94.0,True,True,B,
bloom-7b1,bigscience/bloom-7b1,BLOOM,BigScience,"Hugging Face,BigScience","United States of America,France",2022-07-05 00:00:00,Epoch publication date,True,dense,False,7069016064.0,7069016064.0,7069016064.0,HF safetensors (float tensors),7100000000.0,-0.004363934647887313,1027604480.0,True,6041411584.0,341000000000.0,ObsScaling,,341000000000.0,BLOOM-7.1B,354000000000.0,353999195551.9766,-0.016248883033290126,Confident,48.238679458742844,1.4463206866944e+22,False,False,False,False,False,True,5269.0,3684291.0,0.0,0.0,0,5269.0,3684291.0,203.0,True,True,B,
bloom,bigscience/bloom,BLOOM,BigScience,"Hugging Face,BigScience","United States of America,France",2022-07-11 00:00:00,Epoch publication date,True,dense,False,176247271424.0,176247271424.0,176247271424.0,HF safetensors (float tensors),176000000000.0,0.0014049512727272173,,,,366000000000.0,ObsScaling,,366000000000.0,BLOOM-176B,379000000000.0,345786913508.50104,-0.015158124573661693,Confident,2.07662789354344,3.87039008047104e+23,False,False,False,False,False,True,15187.0,4890452.0,0.0,0.0,0,15187.0,4890452.0,5070.0,True,True,B,
gpt-neox-20b,EleutherAI/gpt-neox-20b,GPT-Neo/J,EleutherAI,EleutherAI,United States of America,2022-02-09 00:00:00,Epoch publication date,True,dense,False,20554568208.0,20554568208.0,20554568208.0,HF safetensors (float tensors),20000000000.0,0.02772841039999996,619708416.0,False,19934859792.0,472000000000.0,ObsScaling,,472000000000.0,GPT-NeoX-20B,477642715151.0,755409534409.8118,-0.0051611597821386405,Confident,22.96326515953246,5.8210537165056e+22,False,False,False,False,False,True,611602.0,6264290.0,0.0,0.0,0,611602.0,6264290.0,586.0,True,True,B,
gpt-neo-2.7B,EleutherAI/gpt-neo-2.7B,GPT-Neo/J,EleutherAI,EleutherAI,United States of America,2021-03-21 00:00:00,Epoch publication date,True,dense,False,2651307520.0,2651307520.0,2651307520.0,HF safetensors (float tensors),2700000000.0,-0.018034251851851812,128657920.0,True,2522649600.0,420000000000.0,ObsScaling,,420000000000.0,GPT-Neo-2.7B,420000000000.0,496610316507.78357,0.0,Confident,158.41240475944488,6.6812949504e+21,False,False,False,False,False,True,18926.0,10475257.0,0.0,0.0,0,18926.0,10475257.0,504.0,True,True,B,
gpt-neo-1.3B,EleutherAI/gpt-neo-1.3B,GPT-Neo/J,EleutherAI,,,2021-03-21 00:00:00,release date (paper/Epoch sibling),True,dense,False,1315575808.0,1315575808.0,1315575808.0,HF safetensors (float tensors),1300000000.0,0.01198139076923077,102926336.0,True,1212649472.0,380000000000.0,ObsScaling,,380000000000.0,,,,,,288.84690467035404,2.99951284224e+21,False,False,False,False,False,True,47152.0,11555451.0,0.0,0.0,0,47152.0,11555451.0,326.0,True,False,B,
gpt-neo-125m,EleutherAI/gpt-neo-125m,GPT-Neo/J,EleutherAI,,,2021-03-21 00:00:00,release date (paper/Epoch sibling),True,dense,False,125198592.0,125198592.0,125198592.0,HF safetensors (float tensors),125000000.0,0.0015887359999999795,38597376.0,True,86601216.0,300000000000.0,ObsScaling,,300000000000.0,,,,,,2396.1930817880125,2.253574656e+20,False,False,False,False,False,True,541247.0,10733917.0,0.0,0.0,0,541247.0,10733917.0,229.0,True,False,B,
gpt-j-6b,EleutherAI/gpt-j-6b,GPT-Neo/J,EleutherAI,"EleutherAI,LAION","United States of America,Germany",2021-05-01 00:00:00,Epoch publication date,True,dense,False,6050000000.0,6050000000.0,6050000000.0,reported,6050000000.0,,412876800.0,False,5637123200.0,402000000000.0,ObsScaling,,402000000000.0,GPT-J-6B,400000000000.0,413223140495.8678,0.0021660617565076304,Confident,66.44628099173553,1.45926e+22,False,False,False,False,False,True,343962.0,9198560.0,0.0,0.0,0,343962.0,9198560.0,1525.0,True,True,B,
opt-6.7b,facebook/opt-6.7b,OPT,Meta,Meta AI,United States of America,2022-06-21 00:00:00,Epoch publication date,True,dense,False,6700000000.0,6700000000.0,6700000000.0,reported,6700000000.0,,205914112.0,True,6494085888.0,300000000000.0,"ObsScaling; fix: ObsScaling 0.18T is the corpus size; OPT models were trained for ~300B tokens (1.67 epochs; OPT logbook, Epoch 3.0e11)",,180000000000.0,OPT-6.7B,300600000000.0,300000000000.02484,-0.0008677215312269355,Confident,44.776119402985074,1.206e+22,False,False,False,False,False,True,58736.0,4572313.0,0.0,0.0,0,58736.0,4572313.0,121.0,True,True,B,
opt-1.3b,facebook/opt-1.3b,OPT,Meta,Meta AI,United States of America,2022-06-21 00:00:00,Epoch publication date,True,dense,False,1300000000.0,1300000000.0,1300000000.0,reported,1300000000.0,,102957056.0,True,1197042944.0,300000000000.0,"ObsScaling; fix: ObsScaling 0.18T is the corpus size; OPT models were trained for ~300B tokens (1.67 epochs; OPT logbook, Epoch 3.0e11)",,180000000000.0,OPT-1.3B,300600000000.0,,-0.0008677215312269355,Confident,230.76923076923077,2.34e+21,False,False,False,False,False,True,92513.0,30725240.0,0.0,0.0,0,92513.0,30725240.0,186.0,True,True,B,
opt-350m,facebook/opt-350m,OPT,Meta,Meta AI,United States of America,2022-06-21 00:00:00,Epoch publication date,True,dense,False,350000000.0,350000000.0,350000000.0,reported,350000000.0,,51478528.0,True,298521472.0,300000000000.0,"ObsScaling; fix: ObsScaling 0.18T is the corpus size; OPT models were trained for ~300B tokens (1.67 epochs; OPT logbook, Epoch 3.0e11)",,180000000000.0,OPT-350M,300600000000.0,,-0.0008677215312269355,Confident,857.1428571428571,6.3e+20,False,False,False,False,False,True,293640.0,9540511.0,0.0,0.0,0,293640.0,9540511.0,150.0,True,True,B,
opt-13b,facebook/opt-13b,OPT,Meta,,,2022-05-02 00:00:00,release date (paper/Epoch sibling),True,dense,False,13000000000.0,13000000000.0,13000000000.0,reported,13000000000.0,,257392640.0,True,12742607360.0,300000000000.0,"ObsScaling; fix: ObsScaling 0.18T is the corpus size; OPT models were trained for ~300B tokens (1.67 epochs; OPT logbook, Epoch 3.0e11)",,180000000000.0,,,,,,23.076923076923077,2.34e+22,False,False,False,False,False,True,10462.0,1546750.0,0.0,0.0,0,10462.0,1546750.0,66.0,True,False,B,
opt-2.7b,facebook/opt-2.7b,OPT,Meta,Meta AI,United States of America,2022-06-21 00:00:00,Epoch publication date,True,dense,False,2700000000.0,2700000000.0,2700000000.0,reported,2700000000.0,,128696320.0,True,2571303680.0,300000000000.0,"ObsScaling; fix: ObsScaling 0.18T is the corpus size; OPT models were trained for ~300B tokens (1.67 epochs; OPT logbook, Epoch 3.0e11)",,180000000000.0,OPT-2.7B,300600000000.0,,-0.0008677215312269355,Confident,111.11111111111111,4.86e+21,False,False,False,False,False,True,45573.0,4839813.0,0.0,0.0,0,45573.0,4839813.0,89.0,True,True,B,
opt-30b,facebook/opt-30b,OPT,Meta,Meta AI,United States of America,2022-06-21 00:00:00,Epoch publication date,True,dense,False,30000000000.0,30000000000.0,30000000000.0,reported,30000000000.0,,360349696.0,True,29639650304.0,300000000000.0,"ObsScaling; fix: ObsScaling 0.18T is the corpus size; OPT models were trained for ~300B tokens (1.67 epochs; OPT logbook, Epoch 3.0e11)",,180000000000.0,OPT-30B,300600000000.0,300000000000.00555,-0.0008677215312269355,Confident,10.0,5.4e+22,False,False,False,False,False,True,3405.0,1119136.0,0.0,0.0,0,3405.0,1119136.0,137.0,True,True,B,
opt-125m,facebook/opt-125m,OPT,Meta,,,2022-05-02 00:00:00,release date (paper/Epoch sibling),True,dense,False,125000000.0,125000000.0,125000000.0,reported,125000000.0,,38608896.0,True,86391104.0,300000000000.0,"ObsScaling; fix: ObsScaling 0.18T is the corpus size; OPT models were trained for ~300B tokens (1.67 epochs; OPT logbook, Epoch 3.0e11)",,180000000000.0,,,,,,2400.0,2.25e+20,False,False,False,False,False,True,6819255.0,214498698.0,0.0,0.0,0,6819255.0,214498698.0,324.0,True,False,B,
opt-66b,facebook/opt-66b,OPT,Meta,Meta AI,United States of America,2022-06-21 00:00:00,Epoch publication date,True,dense,False,66000000000.0,66000000000.0,66000000000.0,reported,66000000000.0,,463306752.0,True,65536693248.0,300000000000.0,"ObsScaling; fix: ObsScaling 0.18T is the corpus size; OPT models were trained for ~300B tokens (1.67 epochs; OPT logbook, Epoch 3.0e11)",,180000000000.0,OPT-66B,300600000000.0,277777777778.0303,-0.0008677215312269355,Confident,4.545454545454546,1.188e+23,False,False,False,False,False,True,7428.0,1624343.0,0.0,0.0,0,7428.0,1624343.0,174.0,True,True,B,
mpt-30b,mosaicml/mpt-30b,MPT,MosaicML,MosaicML,United States of America,2023-06-22 00:00:00,Epoch publication date,True,dense,False,30000000000.0,30000000000.0,30000000000.0,reported,30000000000.0,,,,,1000000000000.0,ObsScaling,,1000000000000.0,MPT-30B,1050000000000.0,1050000000000.0555,-0.021189299069938095,Confident,33.333333333333336,1.8e+23,False,False,False,False,False,True,,,0.0,0.0,0,0.0,0.0,,,True,B,
mpt-7b,mosaicml/mpt-7b,MPT,MosaicML,MosaicML,United States of America,2023-05-05 00:00:00,Epoch publication date,True,dense,False,7000000000.0,7000000000.0,7000000000.0,reported,7000000000.0,,,,,1000000000000.0,ObsScaling,,1000000000000.0,MPT-7B,,999999999999.9999,,Confident,142.85714285714286,4.2e+22,False,False,False,False,False,True,,,0.0,0.0,0,0.0,0.0,,,False,B,
xglm-564M,facebook/xglm-564M,XGLM,Meta,,,2021-12-20 00:00:00,release date (paper/Epoch sibling),True,dense,False,564000000.0,564000000.0,564000000.0,reported,564000000.0,,262152192.0,True,301847808.0,500000000000.0,ObsScaling,,500000000000.0,,,,,,886.5248226950355,1.692e+21,False,False,False,False,False,True,111660.0,1685794.0,0.0,0.0,0,111660.0,1685794.0,54.0,True,False,B,
xglm-1.7B,facebook/xglm-1.7B,XGLM,Meta,,,2021-12-20 00:00:00,release date (paper/Epoch sibling),True,dense,False,1700000000.0,1700000000.0,1700000000.0,reported,1700000000.0,,524304384.0,True,1175695616.0,500000000000.0,ObsScaling,,500000000000.0,,,,,,294.11764705882354,5.1e+21,False,False,False,False,False,True,1967.0,160188.0,0.0,0.0,0,1967.0,160188.0,20.0,True,False,B,
xglm-4.5B,facebook/xglm-4.5B,XGLM,Meta,,,2021-12-20 00:00:00,release date (paper/Epoch sibling),True,dense,False,5076815872.0,5076815872.0,5076815872.0,HF safetensors (float tensors),4500000000.0,0.1281813048888889,524304384.0,True,4552511488.0,500000000000.0,ObsScaling,,500000000000.0,,,,,,98.48692814676104,1.5230447616e+22,False,False,False,False,False,True,433.0,194754.0,0.0,0.0,0,433.0,194754.0,21.0,True,False,B,
xglm-7.5B,facebook/xglm-7.5B,XGLM,Meta,"Meta AI,Facebook AI Research","United States of America,United States of America,France",2021-12-20 00:00:00,Epoch publication date,True,dense,False,7500000000.0,7500000000.0,7500000000.0,reported,7500000000.0,,1048608768.0,True,6451391232.0,500000000000.0,ObsScaling,,500000000000.0,XGLM-7.5B,500000000000.0,500000000000.0,0.0,Confident,66.66666666666667,2.25e+22,False,False,False,False,False,True,612.0,174958.0,0.0,0.0,0,612.0,174958.0,60.0,True,True,B,
CodeLlama-7b-hf,codellama/CodeLlama-7b-hf,CodeLlama,Meta,,,2023-08-24 16:31:11,HF upload date,True,dense,False,6738546688.0,6738546688.0,6738546688.0,HF safetensors (float tensors),7000000000.0,-0.03735047314285711,262275072.0,False,6476271616.0,2520000000000.0,ObsScaling,,2520000000000.0,,,,,,373.96787715185155,1.0188682592256e+23,True,False,False,True,False,True,325535.0,4193503.0,0.0,0.0,0,325535.0,4193503.0,379.0,True,False,B,
CodeLlama-13b-hf,codellama/CodeLlama-13b-hf,CodeLlama,Meta,,,2023-08-24 16:31:44,HF upload date,True,dense,False,13016028160.0,13016028160.0,13016028160.0,HF safetensors (float tensors),13000000000.0,0.0012329353846154412,327843840.0,False,12688184320.0,2520000000000.0,ObsScaling,,2520000000000.0,,,,,,193.6074483723305,1.968023457792e+23,True,False,False,True,False,True,2157.0,450890.0,0.0,0.0,0,2157.0,450890.0,118.0,True,False,B,
CodeLlama-34b-hf,codellama/CodeLlama-34b-hf,CodeLlama,Meta,,,2023-08-24 16:34:39,HF upload date,True,dense,False,33743970304.0,33743970304.0,33743970304.0,HF safetensors (float tensors),34000000000.0,-0.007530285176470586,524288000.0,False,33219682304.0,2520000000000.0,ObsScaling,,2520000000000.0,,,,,,74.6800088222363,5.1020883099648e+23,True,False,False,True,False,True,1810.0,1723994.0,0.0,0.0,0,1810.0,1723994.0,176.0,True,False,B,
CodeLlama-70b-hf,codellama/CodeLlama-70b-hf,CodeLlama,Meta,,,2024-01-29 10:59:03,HF upload date,True,dense,False,68976910336.0,68976910336.0,68976910336.0,HF safetensors (float tensors),70000000000.0,-0.014615566628571441,524550144.0,False,68452360192.0,3020000000000.0,ObsScaling,,3020000000000.0,,,,,,43.78276709248052,1.24986161528832e+24,True,False,False,True,False,True,285.0,65449.0,0.0,0.0,0,285.0,65449.0,324.0,True,False,B,
starcoderbase-1b,bigcode/starcoderbase-1b,StarCoder,BigCode,,,2023-07-03 13:08:44,HF upload date,True,dense,False,1137207296.0,1137207296.0,1137207296.0,HF safetensors (float tensors),1000000000.0,0.13720729599999992,,,,1000000000000.0,ObsScaling,,1000000000000.0,,,,,,879.3471546633482,6.823243776e+21,True,False,False,False,False,True,3252.0,725108.0,0.0,0.0,0,3252.0,725108.0,114.0,True,False,B,
starcoderbase-3b,bigcode/starcoderbase-3b,StarCoder,BigCode,,,2023-06-30 16:48:35,HF upload date,True,dense,False,3000000000.0,3000000000.0,3000000000.0,reported,3000000000.0,,,,,1000000000000.0,ObsScaling,,1000000000000.0,,,,,,333.3333333333333,1.8e+22,True,False,False,False,False,True,479.0,103844.0,0.0,0.0,0,479.0,103844.0,29.0,True,False,B,
starcoderbase-7b,bigcode/starcoderbase-7b,StarCoder,BigCode,,,2023-07-26 12:10:50,HF upload date,True,dense,False,7528589824.0,7528589824.0,7528589824.0,HF safetensors (float tensors),7000000000.0,0.07551283200000003,,,,1000000000000.0,ObsScaling,,1000000000000.0,,,,,,132.82699992661998,4.5171538944e+22,True,False,False,False,False,True,508.0,84061.0,0.0,0.0,0,508.0,84061.0,35.0,True,False,B,
starcoderbase,bigcode/starcoderbase,StarCoder,BigCode,,,2023-05-03 15:16:10,HF upload date,True,dense,False,15500000000.0,15500000000.0,15500000000.0,reported,15500000000.0,,,,,1000000000000.0,ObsScaling,,1000000000000.0,,,,,,64.51612903225806,9.3e+22,True,False,False,False,False,True,5612.0,242420.0,0.0,0.0,0,5612.0,242420.0,418.0,True,False,B,
starcoder2-15b,bigcode/starcoder2-15b,StarCoder2,BigCode,,,2024-02-20 17:58:19,HF upload date,True,dense,False,15957889024.0,15957889024.0,15957889024.0,HF safetensors (float tensors),15000000000.0,0.06385926826666677,603979776.0,False,15353909248.0,4300000000000.0,ObsScaling,,4300000000000.0,,,,,,269.4591993673461,4.117135368192e+23,True,False,False,False,False,True,4891.0,572202.0,0.0,0.0,0,4891.0,572202.0,681.0,True,False,B,
starcoder2-7b,bigcode/starcoder2-7b,StarCoder2,BigCode,,,2024-02-20 18:00:27,HF upload date,True,dense,False,7173923840.0,7173923840.0,7173923840.0,HF safetensors (float tensors),7000000000.0,0.024846262857142865,226492416.0,True,6947431424.0,3700000000000.0,ObsScaling,,3700000000000.0,,,,,,515.7567995592215,1.59261109248e+23,True,False,False,False,False,True,26433.0,892406.0,0.0,0.0,0,26433.0,892406.0,223.0,True,False,B,
starcoder2-3b,bigcode/starcoder2-3b,StarCoder2,BigCode,,,2023-11-29 15:22:51,HF upload date,True,dense,False,3030371328.0,3030371328.0,3030371328.0,HF safetensors (float tensors),3000000000.0,0.010123775999999918,150994944.0,True,2879376384.0,3300000000000.0,ObsScaling,,3300000000000.0,,,,,,1088.9754564098093,6.00013522944e+22,True,False,False,False,False,True,58726.0,7539247.0,0.0,0.0,0,58726.0,7539247.0,223.0,True,False,B,
deepseek-coder-1.3b-base,deepseek-ai/deepseek-coder-1.3b-base,DeepSeek-Coder,DeepSeek,,,2023-10-28 07:42:03,HF upload date,True,dense,False,1300000000.0,1300000000.0,1300000000.0,reported,1300000000.0,,132120576.0,False,1167879424.0,2000000000000.0,ObsScaling,,2000000000000.0,,,,,,1538.4615384615386,1.56e+22,True,False,False,False,False,True,33266.0,1458253.0,0.0,0.0,0,33266.0,1458253.0,116.0,True,False,B,
deepseek-coder-6.7b-base,deepseek-ai/deepseek-coder-6.7b-base,DeepSeek-Coder,DeepSeek,,,2023-10-23 16:15:39,HF upload date,True,dense,False,6740512768.0,6740512768.0,6740512768.0,HF safetensors (float tensors),6700000000.0,0.006046681791044728,264241152.0,False,6476271616.0,2000000000000.0,ObsScaling,,2000000000000.0,,,,,,296.713331587298,8.0886153216e+22,True,False,False,False,False,True,89071.0,2109869.0,0.0,0.0,0,89071.0,2109869.0,128.0,True,False,B,
deepseek-coder-33b-base,deepseek-ai/deepseek-coder-33b-base,DeepSeek-Coder,DeepSeek,,,2023-10-28 08:14:27,HF upload date,True,dense,False,33342991360.0,33342991360.0,33342991360.0,HF safetensors (float tensors),33000000000.0,0.010393677575757598,462422016.0,False,32880569344.0,2000000000000.0,ObsScaling,,2000000000000.0,,,,,,59.98262058752488,4.0011589632e+23,True,False,False,False,False,True,1927.0,119753.0,0.0,0.0,0,1927.0,119753.0,78.0,True,False,B,
open_llama_3b_v2,openlm-research/open_llama_3b_v2,OpenLlamaV2,OpenLM Research,,,2023-07-16 00:39:43,HF upload date,True,dense,False,3000000000.0,3000000000.0,3000000000.0,reported,3000000000.0,,204800000.0,False,2795200000.0,1000000000000.0,ObsScaling,,1000000000000.0,,,,,,333.3333333333333,1.8e+22,False,False,False,False,False,True,16105.0,2280058.0,0.0,0.0,0,16105.0,2280058.0,160.0,True,False,B,
open_llama_7b_v2,openlm-research/open_llama_7b_v2,OpenLlamaV2,OpenLM Research,,,2023-07-06 08:23:04,HF upload date,True,dense,False,7000000000.0,7000000000.0,7000000000.0,reported,7000000000.0,,262144000.0,False,6737856000.0,1000000000000.0,ObsScaling; fix: ObsScaling lists 13B; a 7B model,,1000000000000.0,,,,,,142.85714285714286,4.2e+22,False,False,False,False,False,True,589.0,601354.0,0.0,0.0,0,589.0,601354.0,122.0,True,False,B,
open_llama_7b,openlm-research/open_llama_7b,OpenLlama,OpenLM Research,,,2023-06-07 08:54:38,HF upload date,True,dense,False,7000000000.0,7000000000.0,7000000000.0,reported,7000000000.0,,262144000.0,False,6737856000.0,1000000000000.0,ObsScaling,,1000000000000.0,,,,,,142.85714285714286,4.2e+22,False,False,False,False,False,True,97255.0,1493882.0,0.0,0.0,0,97255.0,1493882.0,139.0,True,False,B,
open_llama_3b,openlm-research/open_llama_3b,OpenLlama,OpenLM Research,,,2023-06-07 09:06:48,HF upload date,True,dense,False,3000000000.0,3000000000.0,3000000000.0,reported,3000000000.0,,204800000.0,False,2795200000.0,1000000000000.0,ObsScaling,,1000000000000.0,,,,,,333.3333333333333,1.8e+22,False,False,False,False,False,True,8282.0,1546966.0,0.0,0.0,0,8282.0,1546966.0,166.0,True,False,B,
open_llama_13b,openlm-research/open_llama_13b,OpenLlama,OpenLM Research,OpenLM Research,United States of America,2023-05-01 00:00:00,Epoch publication date,True,dense,False,13000000000.0,13000000000.0,13000000000.0,reported,13000000000.0,,327680000.0,False,12672320000.0,1000000000000.0,ObsScaling; fix: ObsScaling 0.6T; final OpenLLaMA-13B trained on 1T (Epoch 1e12),,600000000000.0,OpenLLaMA-13B,1000000000000.0,1000000000000.0,0.0,Confident,76.92307692307692,7.8e+22,False,False,False,False,False,True,528.0,494234.0,0.0,0.0,0,528.0,494234.0,454.0,True,True,B,
deepseek-llm-67b-base,deepseek-ai/deepseek-llm-67b-base,DeepSeek-LLM,DeepSeek,DeepSeek,China,2024-01-05 00:00:00,Epoch publication date,True,dense,False,67000000000.0,67000000000.0,67000000000.0,reported,67000000000.0,,1677721600.0,False,65322278400.0,2000000000000.0,ObsScaling,,2000000000000.0,DeepSeek LLM 67B,2000000000000.0,2000000000000.0,0.0,Confident,29.850746268656717,8.04e+23,False,False,False,False,False,True,9420.0,272046.0,1831.0,151305.0,1,11251.0,423351.0,132.0,True,True,B,
deepseek-llm-7b-base,deepseek-ai/deepseek-llm-7b-base,DeepSeek-LLM,DeepSeek,DeepSeek,China,2024-01-05 00:00:00,Epoch publication date,True,dense,False,7000000000.0,7000000000.0,7000000000.0,reported,7000000000.0,,838860800.0,False,6161139200.0,2000000000000.0,ObsScaling,,2000000000000.0,DeepSeek LLM 7B,2000000000000.0,1999999999999.9998,0.0,Confident,285.7142857142857,8.4e+22,False,False,False,False,False,True,23796.0,856830.0,23696.0,2142014.0,1,47492.0,2998844.0,146.0,True,True,B,
deepseek-moe-16b-base,deepseek-ai/deepseek-moe-16b-base,DeepSeek-MoE,DeepSeek,DeepSeek,China,2024-01-11 00:00:00,Epoch publication date,True,moe,True,16375728128.0,2800000000.0,2800000000.0,HF safetensors (float tensors),16399999999.999998,-0.0014799921951218487,419430400.0,False,,2000000000000.0,ObsScaling,,2000000000000.0,DeepSeekMoE-16B,2000000000000.0,2023809523809.524,0.0,Likely,714.2857142857143,3.36e+22,False,False,False,False,False,True,13288.0,759253.0,22428.0,420191.0,1,35716.0,1179444.0,157.0,True,True,B,
stablelm-base-alpha-3b,stabilityai/stablelm-base-alpha-3b,StableLM-alpha,Stability AI,,,2023-04-17 22:14:52,HF upload date,True,dense,False,3000000000.0,3000000000.0,3000000000.0,reported,3000000000.0,,415236096.0,False,2584763904.0,1500000000000.0,ObsScaling,,1500000000000.0,,,,,,500.0,2.7e+22,False,False,False,False,False,True,2202.0,135861.0,0.0,0.0,0,2202.0,135861.0,82.0,True,False,B,
stablelm-base-alpha-7b-v2,stabilityai/stablelm-base-alpha-7b-v2,StableLM-alpha-v2,Stability AI,Stability AI,United Kingdom,2023-08-05 00:00:00,Epoch publication date,True,dense,False,6889414656.0,6889414656.0,6889414656.0,HF safetensors (float tensors),7000000000.0,-0.015797906285714314,413138944.0,False,6476275712.0,1100000000000.0,ObsScaling,,1100000000000.0,StableLM-Base-Alpha-7B,1100000000000.0,1088626592314.0858,0.0,Confident,159.66523353939925,4.54701367296e+22,False,False,False,False,False,True,586.0,91253.0,0.0,0.0,0,586.0,91253.0,44.0,True,True,B,
stablelm-2-1_6b,stabilityai/stablelm-2-1_6b,StableLM-2,Stability AI,Stability AI,United Kingdom,2024-01-18 00:00:00,Epoch publication date,True,dense,False,1644515328.0,1644515328.0,1644515328.0,HF safetensors (float tensors),1600000000.0,0.02782207999999997,411041792.0,False,1233473536.0,2000000000000.0,ObsScaling,,2000000000000.0,StableLM-2-1.6B,2000000000000.0,1945862069824.3806,0.0,Confident,1216.1637936402378,1.9734183936e+22,False,False,False,False,False,True,9830.0,365807.0,12967.0,630180.0,2,22797.0,995987.0,196.0,True,True,B,
stablelm-base-alpha-7b,stabilityai/stablelm-base-alpha-7b,StableLM-alpha,Stability AI,,,2023-04-11 05:55:14,HF upload date,True,dense,False,7000000000.0,7000000000.0,7000000000.0,reported,7000000000.0,,619708416.0,False,6380291584.0,1500000000000.0,ObsScaling,,1500000000000.0,,,,,,214.28571428571428,6.3e+22,False,False,False,False,False,True,729.0,113478.0,0.0,0.0,0,729.0,113478.0,208.0,True,False,B,
rwkv-4-169m-pile,RWKV/rwkv-4-169m-pile,RWKV,RWKV,,,2023-05-04 13:36:31,HF upload date,True,ssm/hybrid,False,169000000.0,169000000.0,169000000.0,reported,169000000.0,,77225472.0,False,91774528.0,330000000000.0,"ObsScaling; fix: Pile, 330B tokens (Sloth; Epoch RWKV-4 14B)",,,,,,,,1952.6627218934912,3.3462e+20,False,False,False,False,False,True,9669.0,200577.0,0.0,0.0,0,9669.0,200577.0,9.0,True,False,B,
rwkv-4-430m-pile,RWKV/rwkv-4-430m-pile,RWKV,RWKV,,,2023-05-04 13:38:41,HF upload date,True,ssm/hybrid,False,430000000.0,430000000.0,430000000.0,reported,430000000.0,,102967296.0,False,327032704.0,330000000000.0,"ObsScaling; fix: Pile, 330B tokens",,,,,,,,767.4418604651163,8.514e+20,False,False,False,False,False,True,520.0,77349.0,0.0,0.0,0,520.0,77349.0,7.0,True,False,B,
rwkv-4-1b5-pile,RWKV/rwkv-4-1b5-pile,RWKV,RWKV,,,2023-05-04 13:42:33,HF upload date,True,ssm/hybrid,False,1500000000.0,1500000000.0,1500000000.0,reported,1500000000.0,,205934592.0,False,1294065408.0,330000000000.0,"ObsScaling; fix: Pile, 330B tokens",,,,,,,,220.0,2.97e+21,False,False,False,False,False,True,308.0,61334.0,0.0,0.0,0,308.0,61334.0,6.0,True,False,B,
rwkv-4-7b-pile,RWKV/rwkv-4-7b-pile,RWKV,RWKV,,,2023-05-05 11:18:03,HF upload date,True,ssm/hybrid,False,7000000000.0,7000000000.0,7000000000.0,reported,7000000000.0,,411869184.0,False,6588130816.0,330000000000.0,"ObsScaling; fix: Pile, 330B tokens",,,,,,,,47.142857142857146,1.386e+22,False,False,False,False,False,True,287.0,57878.0,0.0,0.0,0,287.0,57878.0,0.0,True,False,B,
rwkv-4-14b-pile,RWKV/rwkv-4-14b-pile,RWKV,RWKV,RWKV Foundation,Multinational,2023-05-22 00:00:00,Epoch publication date,True,ssm/hybrid,False,14000000000.0,14000000000.0,14000000000.0,reported,14000000000.0,,514836480.0,False,13485163520.0,330000000000.0,"ObsScaling; fix: Pile, 330B tokens",,,RWKV-4 14B,330000000000.0,330952380952.381,0.0,Confident,23.571428571428573,2.772e+22,False,False,False,False,False,True,258.0,55057.0,0.0,0.0,0,258.0,55057.0,3.0,True,True,B,
rwkv-4-3b-pile,RWKV/rwkv-4-3b-pile,RWKV,RWKV,,,2023-05-04 13:49:10,HF upload date,True,ssm/hybrid,False,3000000000.0,3000000000.0,3000000000.0,reported,3000000000.0,,257418240.0,False,2742581760.0,330000000000.0,"ObsScaling; fix: Pile, 330B tokens",,,,,,,,110.0,5.94e+21,False,False,False,False,False,True,339.0,62866.0,0.0,0.0,0,339.0,62866.0,2.0,True,False,B,
RedPajama-INCITE-Base-7B-v0.1,togethercomputer/RedPajama-INCITE-Base-7B-v0.1,RedPajama-INCITE-Base,Together,Together,United States of America,2023-06-06 00:00:00,Epoch publication date,True,dense,False,7000000000.0,7000000000.0,7000000000.0,reported,7000000000.0,,413138944.0,False,6586861056.0,1000000000000.0,ObsScaling,,1000000000000.0,RedPajama-INCITE-7B-Base,1001000000000.0,976190476190.4762,-0.00043407747931862597,Confident,142.85714285714286,4.2e+22,False,False,False,False,False,True,988.0,132227.0,1652.0,246792.0,2,2640.0,379019.0,92.0,True,True,B,
RedPajama-INCITE-Base-3B-v1,togethercomputer/RedPajama-INCITE-Base-3B-v1,RedPajama-INCITE-Base,Together,,,2023-05-04 05:51:02,HF upload date,True,dense,False,3000000000.0,3000000000.0,3000000000.0,reported,3000000000.0,,258211840.0,False,2741788160.0,800000000000.0,ObsScaling,,800000000000.0,,,,,,266.6666666666667,1.44e+22,False,False,False,False,False,True,4030.0,266752.0,2349.0,415013.0,2,6379.0,681765.0,90.0,True,False,B,
Amber,LLM360/Amber,Amber,LLM360,"Mohamed bin Zayed University of Artificial Intelligence (MBZUAI),Petuum,University of Southern California,Carnegie Mellon University (CMU),University of Illinois Urbana-Champaign (UIUC),University of California San Diego,LLM360","United Arab Emirates,United States of America,United States of America,United States of America,United States of America,United States of America",2023-12-11 00:00:00,Epoch publication date,True,dense,False,6738415616.0,6738415616.0,6738415616.0,HF safetensors (float tensors),7000000000.0,-0.03736919771428571,262144000.0,False,6476271616.0,1259000000000.0,ObsScaling,,1259000000000.0,Amber,,1184701561157.0137,,Confident,186.83917284807623,5.0901991563264e+22,False,False,False,False,False,True,2831.0,258635.0,269.0,35016.0,1,3100.0,293651.0,74.0,True,True,B,
codegen-6B-nl,Salesforce/codegen-6B-nl,Codegen-NL,Salesforce,,,2022-03-25 00:00:00,release date (paper/Epoch sibling),True,dense,False,6000000000.0,6000000000.0,6000000000.0,reported,6000000000.0,,419430400.0,False,5580569600.0,360000000000.0,ObsScaling,,360000000000.0,,,,,,60.0,1.296e+22,False,False,False,False,False,True,214.0,69601.0,0.0,0.0,0,214.0,69601.0,4.0,True,False,B,
codegen-16B-nl,Salesforce/codegen-16B-nl,Codegen-NL,Salesforce,,,2022-03-25 00:00:00,release date (paper/Epoch sibling),True,dense,False,16000000000.0,16000000000.0,16000000000.0,reported,16000000000.0,,629145600.0,False,15370854400.0,360000000000.0,ObsScaling,,360000000000.0,,,,,,22.5,3.456e+22,False,False,False,False,False,True,201.0,82588.0,0.0,0.0,0,201.0,82588.0,18.0,True,False,B,
SmolLM-135M,HuggingFaceTB/SmolLM-135M,SmolLM,Hugging Face,,,2024-07-14 21:45:18,HF upload date,True,dense,False,134515008.0,134515008.0,134515008.0,HF safetensors (float tensors),135000000.0,-0.0035925333333333143,28311552.0,True,106203456.0,600000000000.0,ObsScaling,,600000000000.0,,,,,,4460.468827389134,4.842540288e+20,False,False,True,False,False,True,171853.0,5452736.0,31216.0,2144445.0,1,203069.0,7597181.0,272.0,True,False,B,
SmolLM-360M,HuggingFaceTB/SmolLM-360M,SmolLM,Hugging Face,,,2024-07-14 21:48:37,HF upload date,True,dense,False,361821120.0,361821120.0,361821120.0,HF safetensors (float tensors),360000000.0,0.005058666666666767,47185920.0,True,314635200.0,600000000000.0,ObsScaling,,600000000000.0,,,,,,1658.2779910691781,1.302556032e+21,False,False,True,False,False,True,11502.0,976032.0,10577.0,537832.0,1,22079.0,1513864.0,73.0,True,False,B,
SmolLM-1.7B,HuggingFaceTB/SmolLM-1.7B,SmolLM,Hugging Face,,,2024-07-16 00:00:00,Epoch publication date,True,dense,False,1711376384.0,1711376384.0,1711376384.0,HF safetensors (float tensors),1700000000.0,0.006691990588235219,100663296.0,True,1610713088.0,1000000000000.0,ObsScaling,,1000000000000.0,SmolLM-1.7B,,1003091244401.9485,,Confident,584.3249967389991,1.0268258304e+22,False,False,True,False,False,True,68085.0,1181342.0,11514.0,368398.0,1,79599.0,1549740.0,184.0,True,True,B,
Cerebras-GPT-111M,cerebras/Cerebras-GPT-111M,Cerebras-GPT,Cerebras,,,2023-03-28 00:00:00,release date (paper/Epoch sibling),True,dense,False,111000000.0,111000000.0,111000000.0,reported,111000000.0,,,,,2220000000.0,ObsScaling,,2220000000.0,,,,,,20.0,1.47852e+18,False,False,False,False,False,True,,,0.0,0.0,0,0.0,0.0,,,False,B,
Cerebras-GPT-256M,cerebras/Cerebras-GPT-256M,Cerebras-GPT,Cerebras,,,2023-03-28 00:00:00,release date (paper/Epoch sibling),True,dense,False,256000000.0,256000000.0,256000000.0,reported,256000000.0,,,,,5120000000.0,ObsScaling,,5120000000.0,,,,,,20.0,7.86432e+18,False,False,False,False,False,True,,,0.0,0.0,0,0.0,0.0,,,False,B,
Cerebras-GPT-590M,cerebras/Cerebras-GPT-590M,Cerebras-GPT,Cerebras,,,2023-03-28 00:00:00,release date (paper/Epoch sibling),True,dense,False,590000000.0,590000000.0,590000000.0,reported,590000000.0,,,,,11800000000.0,ObsScaling,,11800000000.0,,,,,,20.0,4.1772e+19,False,False,False,False,False,True,,,0.0,0.0,0,0.0,0.0,,,False,B,
Cerebras-GPT-1.3B,cerebras/Cerebras-GPT-1.3B,Cerebras-GPT,Cerebras,,,2023-03-28 00:00:00,release date (paper/Epoch sibling),True,dense,False,1300000000.0,1300000000.0,1300000000.0,reported,1300000000.0,,,,,26000000000.0,ObsScaling,,26000000000.0,,,,,,20.0,2.028e+20,False,False,False,False,False,True,,,0.0,0.0,0,0.0,0.0,,,False,B,
Cerebras-GPT-2.7B,cerebras/Cerebras-GPT-2.7B,Cerebras-GPT,Cerebras,,,2023-03-28 00:00:00,release date (paper/Epoch sibling),True,dense,False,2700000000.0,2700000000.0,2700000000.0,reported,2700000000.0,,,,,54000000000.0,ObsScaling,,54000000000.0,,,,,,20.0,8.748e+20,False,False,False,False,False,True,,,0.0,0.0,0,0.0,0.0,,,False,B,
Cerebras-GPT-6.7B,cerebras/Cerebras-GPT-6.7B,Cerebras-GPT,Cerebras,,,2023-03-28 00:00:00,release date (paper/Epoch sibling),True,dense,False,6700000000.0,6700000000.0,6700000000.0,reported,6700000000.0,,,,,134000000000.00002,ObsScaling,,134000000000.00002,,,,,,20.000000000000004,5.3868e+21,False,False,False,False,False,True,,,0.0,0.0,0,0.0,0.0,,,False,B,
btlm-3b-8k-base,cerebras/btlm-3b-8k-base,BTLM,Cerebras,Cerebras Systems,United States of America,2023-09-20 00:00:00,Epoch publication date,True,dense,False,3000000000.0,3000000000.0,3000000000.0,reported,3000000000.0,,,,,627000000000.0,ObsScaling; fix: ObsScaling lists 627T; BTLM trained on 627B tokens (Epoch 6.27e11),,627000000000000.0,BTLM-3B,627000000000.0,544444444444.44446,0.0,Confident,209.0,1.1286e+22,False,False,False,False,False,True,,,0.0,0.0,0,0.0,0.0,,,True,B,
h2o-danube-1.8b-base,h2oai/h2o-danube-1.8b-base,H2O-Danube1,H2O.ai,,,2024-01-23 11:25:25,HF upload date,True,dense,False,1831201280.0,1831201280.0,1831201280.0,HF safetensors (float tensors),1800000000.0,0.01733404444444453,163840000.0,False,1667361280.0,1000000000000.0,ObsScaling,,1000000000000.0,,,,,,546.0896139172642,1.098720768e+22,False,False,False,False,False,True,204.0,50331.0,564.0,69505.0,1,768.0,119836.0,43.0,True,False,B,
h2o-danube2-1.8b-base,h2oai/h2o-danube2-1.8b-base,H2O-Danube2,H2O.ai,,,2024-04-05 12:20:26,HF upload date,True,dense,False,1831201280.0,1831201280.0,1831201280.0,HF safetensors (float tensors),1800000000.0,0.01733404444444453,163840000.0,False,1667361280.0,3000000000000.0,ObsScaling,,3000000000000.0,,,,,,1638.2688417517925,3.296162304e+22,False,False,False,False,False,True,2368.0,35528.0,1210.0,88641.0,1,3578.0,124169.0,47.0,True,False,B,
h2o-danube3-500m-base,h2oai/h2o-danube3-500m-base,H2O-Danube3,H2O.ai,,,2024-07-04 13:16:04,HF upload date,True,dense,False,513590784.0,513590784.0,513590784.0,HF safetensors (float tensors),500000000.0,0.027181568000000045,98304000.0,False,415286784.0,4000000000000.0,ObsScaling,,4000000000000.0,,,,,,7788.301746473706,1.2326178816e+22,False,False,False,False,False,True,3540.0,39386.0,74175.0,507517.0,1,77715.0,546903.0,35.0,True,False,B,
h2o-danube3-4b-base,h2oai/h2o-danube3-4b-base,H2O-Danube3,H2O.ai,,,2024-07-04 13:24:14,HF upload date,True,dense,False,3961839360.0,3961839360.0,3961839360.0,HF safetensors (float tensors),4000000000.0,-0.00954016000000002,245760000.0,False,3716079360.0,6000000000000.0,ObsScaling,,6000000000000.0,,,,,,1514.4480769659474,1.4262621696e+23,False,False,False,False,False,True,1463.0,57942.0,866.0,249145.0,1,2329.0,307087.0,23.0,True,False,B,
OLMo-1B-hf,allenai/OLMo-1B-hf,OLMo-1,AI2,"Allen Institute for AI,University of Washington","United States of America,United States of America",2024-02-01 00:00:00,Epoch publication date,True,dense,False,1176764416.0,1176764416.0,1176764416.0,HF safetensors (float tensors),1000000000.0,0.17676441599999992,103022592.0,True,1073741824.0,3000000000000.0,ObsScaling,,3000000000000.0,OLMo-1B,2000000000000.0,1699575524894.1858,0.17609125905568124,Confident,2549.3632873412785,2.1181759488e+22,False,False,False,False,False,True,66727.0,927637.0,0.0,0.0,0,66727.0,927637.0,29.0,True,True,B,
OLMo-7B-hf,allenai/OLMo-7B-hf,OLMo-1,AI2,"Allen Institute for AI,University of Washington","United States of America,United States of America",2024-02-01 00:00:00,Epoch publication date,True,dense,False,6888095744.0,6888095744.0,6888095744.0,HF safetensors (float tensors),7000000000.0,-0.015986322285714283,412090368.0,False,6476005376.0,2500000000000.0,ObsScaling,,2500000000000.0,OLMo-7B,2460000000000.0,2499965250192.666,0.0070049015686585205,Confident,362.94501309417336,1.0332143616e+23,False,False,False,False,False,True,13545.0,444563.0,714.0,62584.0,1,14259.0,507147.0,17.0,True,True,B,
OLMo-7B-0424-hf,allenai/OLMo-7B-0424-hf,OLMo-1.7,AI2,Allen Institute for AI,United States of America,2024-04-17 00:00:00,Epoch publication date,True,dense,False,6888095744.0,6888095744.0,6888095744.0,HF safetensors (float tensors),7000000000.0,-0.015986322285714283,412090368.0,False,6476005376.0,2049999999999.9998,ObsScaling,,2049999999999.9998,OLMo 1.7-7B,2000000000000.0,,0.010723865391773066,,297.61491073722215,8.472357765119998e+22,False,False,False,False,False,True,1213.0,137795.0,269.0,2054.0,1,1482.0,139849.0,14.0,True,True,B,
TinyLlama_v1.1,TinyLlama/TinyLlama_v1.1,TinyLlama,TinyLlama,,,2024-03-09 09:39:41,HF upload date,True,dense,False,1100000000.0,1100000000.0,1100000000.0,reported,1100000000.0,,131072000.0,False,968928000.0,2000000000000.0,ObsScaling; fix: ObsScaling 3T is TinyLlama v1.0; the v1.1 card states 2T (1.5T + 0.5T stages),,3000000000000.0,,,,,,1818.1818181818182,1.32e+22,False,False,False,False,False,True,50016.0,1695458.0,0.0,0.0,0,50016.0,1695458.0,118.0,True,False,B,
pythia-70m,EleutherAI/pythia-70m,Pythia,EleutherAI,"EleutherAI,Booz Allen Hamilton, McLean,University of Cambridge,Indraprastha Institute of Information Technology
Delhi,Stability AI,datasaur.ai,University of Amsterdam","United States of America,United States of America,United Kingdom,India,United Kingdom,United States of America,Netherlands",2023-04-03 00:00:00,Epoch publication date,True,dense,False,70426672.0,70426672.0,70426672.0,HF safetensors (float tensors),70000000.0,0.006095314285714304,51511296.0,False,18915376.0,299892736000.0,"Biderman et al. (2023): 299,892,736,000 tokens (Sloth 0.25-0.3T; ObsScaling 0.3T)",,300000000000.0,Pythia-70m,299892736000.0,298182484047.6157,0.0,Confident,4258.22671274315,1.2672268412072755e+20,False,False,False,False,False,True,562412.0,7175418.0,0.0,0.0,0,562412.0,7175418.0,86.0,True,True,B,
pythia-160m,EleutherAI/pythia-160m,Pythia,EleutherAI,"EleutherAI,Booz Allen Hamilton, McLean,University of Cambridge,Indraprastha Institute of Information Technology
Delhi,Stability AI,datasaur.ai,University of Amsterdam","United States of America,United States of America,United Kingdom,India,United Kingdom,United States of America,Netherlands",2023-04-03 00:00:00,Epoch publication date,True,dense,False,162323040.0,162323040.0,162323040.0,HF safetensors (float tensors),160000000.0,0.014518999999999949,77266944.0,False,85056096.0,299892736000.0,"Biderman et al. (2023): 299,892,736,000 tokens (Sloth 0.25-0.3T; ObsScaling 0.3T)",,300000000000.0,Pythia-160m,299892736000.0,295603959447.1617,0.0,Confident,1847.505665246289,2.9207700348862464e+20,False,False,False,False,False,True,3413480.0,26610943.0,0.0,0.0,0,3413480.0,26610943.0,45.0,True,True,B,
pythia-410m,EleutherAI/pythia-410m,Pythia,EleutherAI,"EleutherAI,Booz Allen Hamilton, McLean,University of Cambridge,Indraprastha Institute of Information Technology
Delhi,Stability AI,datasaur.ai,University of Amsterdam","United States of America,United States of America,United Kingdom,India,United Kingdom,United States of America,Netherlands",2023-04-03 00:00:00,Epoch publication date,True,dense,False,405334208.0,405334208.0,405334208.0,HF safetensors (float tensors),410000000.0,-0.011379980487804864,103022592.0,False,302311616.0,299892736000.0,"Biderman et al. (2023): 299,892,736,000 tokens (Sloth 0.25-0.3T; ObsScaling 0.3T)",,300000000000.0,Pythia-410m,299892736000.0,303329937551.5986,0.0,Confident,739.8653508168745,7.293407077890785e+20,False,False,False,False,False,True,239142.0,3325716.0,0.0,0.0,0,239142.0,3325716.0,40.0,True,True,B,
pythia-1b,EleutherAI/pythia-1b,Pythia,EleutherAI,"EleutherAI,Booz Allen Hamilton, McLean,University of Cambridge,Indraprastha Institute of Information Technology
Delhi,Stability AI,datasaur.ai,University of Amsterdam","United States of America,United States of America,United Kingdom,India,United Kingdom,United States of America,Netherlands",2023-04-03 00:00:00,Epoch publication date,True,dense,False,1011782144.0,1011782144.0,1011782144.0,HF safetensors (float tensors),1000000000.0,0.011782144000000105,206045184.0,False,805736960.0,299892736000.0,"Biderman et al. (2023): 299,892,736,000 tokens (Sloth 0.25-0.3T; ObsScaling 0.3T)",,300000000000.0,Pythia-1b,299892736000.0,296341791670.81647,0.0,Confident,296.4005025967329,1.820556692400636e+21,False,False,False,False,False,True,109410.0,1970626.0,0.0,0.0,0,109410.0,1970626.0,48.0,True,True,B,
pythia-1.4b,EleutherAI/pythia-1.4b,Pythia,EleutherAI,"EleutherAI,Booz Allen Hamilton, McLean,University of Cambridge,Indraprastha Institute of Information Technology
Delhi,Stability AI,datasaur.ai,University of Amsterdam","United States of America,United States of America,United Kingdom,India,United Kingdom,United States of America,Netherlands",2023-04-03 00:00:00,Epoch publication date,True,dense,False,1414648192.0,1414648192.0,1414648192.0,HF safetensors (float tensors),1400000000.0,0.010462994285714178,206045184.0,False,1208603008.0,299892736000.0,"Biderman et al. (2023): 299,892,736,000 tokens (Sloth 0.25-0.3T; ObsScaling 0.3T)",,300000000000.0,Pythia-1.4b,299892736000.0,296775788996.555,0.0,Confident,211.99103614306955,2.545456300658e+21,False,False,False,False,False,True,118116.0,2967505.0,0.0,0.0,0,118116.0,2967505.0,27.0,True,True,B,
pythia-2.8b,EleutherAI/pythia-2.8b,Pythia,EleutherAI,"EleutherAI,Booz Allen Hamilton, McLean,University of Cambridge,Indraprastha Institute of Information Technology
Delhi,Stability AI,datasaur.ai,University of Amsterdam","United States of America,United States of America,United Kingdom,India,United Kingdom,United States of America,Netherlands",2023-04-03 00:00:00,Epoch publication date,True,dense,False,2775209280.0,2775209280.0,2775209280.0,HF safetensors (float tensors),2800000000.0,-0.00885382857142858,257556480.0,False,2517652800.0,299892736000.0,"Biderman et al. (2023): 299,892,736,000 tokens (Sloth 0.25-0.3T; ObsScaling 0.3T)",,300000000000.0,Pythia-2.8b,299892736000.0,302559764670.01196,0.0,Confident,108.06130483968401,4.99359062371074e+21,False,False,False,False,False,True,39879.0,2348588.0,0.0,0.0,0,39879.0,2348588.0,35.0,True,True,B,
pythia-6.9b,EleutherAI/pythia-6.9b,Pythia,EleutherAI,"EleutherAI,Booz Allen Hamilton, McLean,University of Cambridge,Indraprastha Institute of Information Technology
Delhi,Stability AI,datasaur.ai,University of Amsterdam","United States of America,United States of America,United Kingdom,India,United Kingdom,United States of America,Netherlands",2023-04-03 00:00:00,Epoch publication date,True,dense,False,6857302528.0,6857302528.0,6857302528.0,HF safetensors (float tensors),6900000000.0,-0.0061880394202898925,413138944.0,False,6444163584.0,299892736000.0,"Biderman et al. (2023): 299,892,736,000 tokens (Sloth 0.25-0.3T; ObsScaling 0.3T)",,300000000000.0,Pythia-6.9b,299892736000.0,301867970903.69916,0.0,Confident,43.73333898795722,1.233873130020982e+22,False,False,False,False,False,True,747935.0,3767201.0,0.0,0.0,0,747935.0,3767201.0,66.0,True,True,B,
pythia-12b,EleutherAI/pythia-12b,Pythia,EleutherAI,"EleutherAI,Booz Allen Hamilton, McLean,University of Cambridge,Indraprastha Institute of Information Technology
Delhi,Stability AI,datasaur.ai,University of Amsterdam","United States of America,United States of America,United Kingdom,India,United Kingdom,United States of America,Netherlands",2023-04-03 00:00:00,Epoch publication date,True,dense,False,11846072896.0,11846072896.0,11846072896.0,HF safetensors (float tensors),12000000000.0,-0.012827258666666674,519045120.0,False,11327027776.0,299892736000.0,"Biderman et al. (2023): 299,892,736,000 tokens (Sloth 0.25-0.3T; ObsScaling 0.3T)",,300000000000.0,Pythia-12b,299892736000.0,303757486968.4054,0.0,Confident,25.315793565753186,2.13153072698213e+22,False,False,False,False,False,True,18334.0,1732709.0,0.0,0.0,0,18334.0,1732709.0,145.0,True,True,B,
Llama-3.2-1B,meta-llama/Llama-3.2-1B,Llama-3.2,Meta,Meta AI,United States of America,2024-09-24 00:00:00,Epoch publication date,True,dense,False,1235814400.0,1235814400.0,1235814400.0,HF safetensors (float tensors),,,262668288.0,True,973146112.0,9000000000000.0,card: up to 9T tokens,True,,Llama 3.2 1B,9000000000000.0,8957655777437.13,0.0,Confident,7282.646973526122,6.67339776e+22,False,True,False,False,False,True,840015.0,59296119.0,7388679.0,104724506.0,1,8228694.0,164020625.0,2625.0,True,True,B,pruned from Llama 3.1 8B and trained with 3.1 8B/70B logits (card)
Llama-3.2-3B,meta-llama/Llama-3.2-3B,Llama-3.2,Meta,Meta AI,United States of America,2024-09-24 00:00:00,Epoch publication date,True,dense,False,3212749824.0,3212749824.0,3212749824.0,HF safetensors (float tensors),,,394002432.0,True,2818747392.0,9000000000000.0,card: up to 9T tokens,True,,Llama 3.2 3B,9000000000000.0,8992296811966.146,0.0,Confident,2801.3385707059647,1.73488490496e+23,False,True,False,False,False,True,366516.0,14808377.0,1915585.0,49247651.0,1,2282101.0,64056028.0,965.0,True,True,B,pruned from Llama 3.1 8B and trained with 3.1 8B/70B logits (card)
Llama-4-Scout-17B-16E,meta-llama/Llama-4-Scout-17B-16E,Llama-4,Meta,Meta AI,United States of America,2025-04-05 00:00:00,Epoch publication date,True,moe,True,108641793536.0,17000000000.0,17000000000.0,HF safetensors (float tensors),,,,,,40000000000000.0,card: ~40T tokens,True,,Llama 4 Scout,30000000000000.0,40000000000000.0,0.12493873660829993,Likely,2352.9411764705883,4.08e+24,False,False,False,False,True,True,5928.0,423007.0,162876.0,7684966.0,1,168804.0,8107973.0,269.0,True,False,B,MoE 17B active / 109B total; multimodal tokens
Llama-4-Maverick-17B-128E,meta-llama/Llama-4-Maverick-17B-128E,Llama-4,Meta,Meta AI,United States of America,2025-04-05 00:00:00,Epoch publication date,True,moe,True,401583781376.0,17000000000.0,17000000000.0,HF safetensors (float tensors),,,,,,22000000000000.0,card: ~22T tokens,True,,Llama 4 Maverick,30000000000000.0,22000000000009.805,-0.13469857389745624,Likely,1294.1176470588234,2.244e+24,False,True,False,False,True,True,177.0,80714.0,62877.0,2416569.0,2,63054.0,2497283.0,99.0,True,False,B,MoE 17B active / 400B total; codistilled from Behemoth (Meta blog)
Qwen2.5-0.5B,Qwen/Qwen2.5-0.5B,Qwen2.5,Alibaba,,,2024-09-15 12:15:39,HF upload date,True,dense,False,494032768.0,494032768.0,494032768.0,HF safetensors (float tensors),,,136134656.0,True,357898112.0,18000000000000.0,Qwen2.5 technical report (18T tokens pre-training corpus); Epoch 1.8e13,,,,,,,,36434.83016899802,5.3355538944e+22,False,False,False,False,False,True,1645044.0,30013406.0,8667077.0,69823286.0,1,10312121.0,99836692.0,457.0,True,False,B,
Qwen2.5-1.5B,Qwen/Qwen2.5-1.5B,Qwen2.5,Alibaba,Alibaba,China,2024-09-19 00:00:00,Epoch publication date,True,dense,False,1543714304.0,1543714304.0,1543714304.0,HF safetensors (float tensors),,,233373696.0,True,1310340608.0,18000000000000.0,Qwen2.5 technical report (18T tokens pre-training corpus); Epoch 1.8e13,,,Qwen2.5-1.5B,,17956690514671.812,,Confident,11660.188645890788,1.66721144832e+23,False,False,False,False,False,True,843490.0,14927670.0,7919735.0,219758868.0,1,8763225.0,234686538.0,224.0,True,True,B,
Qwen2.5-3B,Qwen/Qwen2.5-3B,Qwen2.5,Alibaba,Alibaba,China,2024-09-19 00:00:00,Epoch publication date,True,dense,False,3085938688.0,3085938688.0,3085938688.0,HF safetensors (float tensors),,,311164928.0,True,2774773760.0,18000000000000.0,Qwen2.5 technical report (18T tokens pre-training corpus); Epoch 1.8e13,,,Qwen2.5-3B,,18023689263913.203,,Confident,5832.9091468974775,3.33281378304e+23,False,False,False,False,False,True,350521.0,7278731.0,4402323.0,120431102.0,1,4752844.0,127709833.0,205.0,True,True,B,
Qwen2.5-7B,Qwen/Qwen2.5-7B,Qwen2.5,Alibaba,Alibaba,China,2024-09-19 00:00:00,Epoch publication date,True,dense,False,7615616512.0,7615616512.0,7615616512.0,HF safetensors (float tensors),,,1089994752.0,False,6525621760.0,18000000000000.0,Qwen2.5 technical report (18T tokens pre-training corpus); Epoch 1.8e13,,,Qwen2.5-7B,,17986725012237.59,,Confident,2363.564390569986,8.22486583296e+23,False,False,False,False,False,True,710489.0,21275042.0,9680640.0,183405706.0,1,10391129.0,204680748.0,319.0,True,True,B,
Qwen2.5-14B,Qwen/Qwen2.5-14B,Qwen2.5,Alibaba,Alibaba,China,2024-09-19 00:00:00,Epoch publication date,True,dense,False,14770033664.0,14770033664.0,14770033664.0,HF safetensors (float tensors),,,1557135360.0,False,13212898304.0,18000000000000.0,Qwen2.5 technical report (18T tokens pre-training corpus); Epoch 1.8e13,,,Qwen2.5-14B,,17914651111793.273,,Confident,1218.6837491015756,1.595163635712e+24,False,False,False,False,False,True,78209.0,4030704.0,2058971.0,48852061.0,1,2137180.0,52882765.0,157.0,True,True,B,
Qwen2.5-32B,Qwen/Qwen2.5-32B,Qwen2.5,Alibaba,Alibaba,China,2024-09-17 00:00:00,Epoch publication date,True,dense,False,32763876352.0,32763876352.0,32763876352.0,HF safetensors (float tensors),,,1557135360.0,False,31206740992.0,18000000000000.0,Qwen2.5 technical report (18T tokens pre-training corpus); Epoch 1.8e13,,,Qwen2.5-32B,18000000000000.0,17855030147075.07,0.0,Confident,549.3855429869253,3.538498646016e+24,False,False,False,False,False,True,41221.0,4293544.0,2080099.0,31125420.0,1,2121320.0,35418964.0,184.0,True,True,B,
Qwen2.5-72B,Qwen/Qwen2.5-72B,Qwen2.5,Alibaba,Alibaba,China,2024-09-19 00:00:00,Epoch publication date,True,dense,False,72706203648.0,72706203648.0,72706203648.0,HF safetensors (float tensors),,,2491416576.0,False,70214787072.0,18000000000000.0,Qwen2.5 technical report (18T tokens pre-training corpus); Epoch 1.8e13,,,Qwen2.5-72B,18000000000000.0,17880179885251.926,0.0,Confident,247.57172148810363,7.852269993984e+24,False,False,False,False,False,True,50337.0,752991.0,326043.0,8814209.0,1,376380.0,9567200.0,104.0,True,True,B,
Qwen3-0.6B-Base,Qwen/Qwen3-0.6B-Base,Qwen3,Alibaba,Alibaba,China,2025-04-29 00:00:00,Epoch publication date,True,dense,False,596049920.0,596049920.0,596049920.0,HF safetensors (float tensors),,,155582464.0,True,440467456.0,36000000000000.0,Qwen3 card and technical report: pre-trained on 36T tokens,True,,Qwen3-0.6B,,36238575453545.91,,Confident,60397.62575590984,1.2874678272e+23,False,False,False,False,False,True,719631.0,7627729.0,26662555.0,223560088.0,1,27382186.0,231187817.0,195.0,True,False,B,
Qwen3-1.7B-Base,Qwen/Qwen3-1.7B-Base,Qwen3,Alibaba,Alibaba,China,2025-04-29 00:00:00,Epoch publication date,True,dense,False,1720574976.0,1720574976.0,1720574976.0,HF safetensors (float tensors),,,311164928.0,True,1409410048.0,36000000000000.0,Qwen3 card and technical report: pre-trained on 36T tokens,True,,Qwen3-1.7B,,35569504876955.734,,Confident,20923.23816291514,3.71644194816e+23,False,False,False,False,False,True,1544532.0,7881770.0,3575445.0,62451125.0,1,5119977.0,70332895.0,79.0,True,True,B,
Qwen3-4B-Base,Qwen/Qwen3-4B-Base,Qwen3,Alibaba,Alibaba,China,2025-04-29 00:00:00,Epoch publication date,True,dense,False,4022468096.0,4022468096.0,4022468096.0,HF safetensors (float tensors),,,388956160.0,True,3633511936.0,36000000000000.0,Qwen3 card and technical report: pre-trained on 36T tokens,True,,Qwen3-4B,,35798916626136.99,,Confident,8949.729156534248,8.68853108736e+23,False,False,False,False,False,True,1529748.0,22603255.0,7043606.0,81168187.0,1,8573354.0,103771442.0,98.0,True,True,B,
Qwen3-8B-Base,Qwen/Qwen3-8B-Base,Qwen3,Alibaba,Alibaba,China,2025-04-29 00:00:00,Epoch publication date,True,dense,False,8190735360.0,8190735360.0,8190735360.0,HF safetensors (float tensors),,,1244659712.0,False,6946075648.0,36000000000000.0,Qwen3 card and technical report: pre-trained on 36T tokens,True,,Qwen3-8B,,36040720036155.58,,Confident,4395.209760506778,1.76919883776e+24,False,False,False,False,False,True,473878.0,12479113.0,12674178.0,125087968.0,1,13148056.0,137567081.0,127.0,True,True,B,
Qwen3-14B-Base,Qwen/Qwen3-14B-Base,Qwen3,Alibaba,Alibaba,China,2025-04-29 00:00:00,Epoch publication date,True,dense,False,14768307200.0,14768307200.0,14768307200.0,HF safetensors (float tensors),,,1555824640.0,False,13212482560.0,36000000000000.0,Qwen3 card and technical report: pre-trained on 36T tokens,True,,Qwen3-14B,,36077256031077.14,,Confident,2437.6524345322396,3.1899543552e+24,False,False,False,False,False,True,409500.0,2337511.0,2171200.0,28557306.0,1,2580700.0,30894817.0,58.0,True,True,B,
Qwen3-32B,Qwen/Qwen3-32B,Qwen3,Alibaba,Alibaba,China,2025-04-29 00:00:00,Epoch publication date,True,dense,False,32762123264.0,32762123264.0,32762123264.0,HF safetensors (float tensors),,,1555824640.0,False,31206298624.0,36000000000000.0,Qwen3 card and technical report: pre-trained on 36T tokens,,,Qwen3-32B,,36041620089302.89,,Confident,1098.8298807714295,7.076618625024e+24,False,False,False,False,False,False,5004209.0,57843266.0,0.0,0.0,0,5004209.0,57843266.0,749.0,True,True,B,
Qwen3-30B-A3B-Base,Qwen/Qwen3-30B-A3B-Base,Qwen3-MoE,Alibaba,Alibaba,China,2025-04-29 00:00:00,Epoch publication date,True,moe,True,30532122624.0,3300000000.0,3300000000.0,HF safetensors (float tensors),,,622329856.0,False,,36000000000000.0,Qwen3 card and technical report: pre-trained on 36T tokens,True,,Qwen3-30B-A3B,,32727272727272.73,,Likely,10909.09090909091,7.128e+23,False,False,False,False,False,True,80262.0,1268663.0,2591319.0,42608937.0,3,2671581.0,43877600.0,79.0,True,True,B,MoE 3.3B active / 30.5B total
Qwen3-235B-A22B,Qwen/Qwen3-235B-A22B,Qwen3-MoE,Alibaba,Alibaba,China,2025-04-29 00:00:00,Epoch publication date,True,moe,True,235093634560.0,22000000000.0,22000000000.0,HF safetensors (float tensors),,,1244659712.0,False,,36000000000000.0,Qwen3 card and technical report: pre-trained on 36T tokens,,,Qwen3-235B-A22B,36000000000000.0,36000000000000.0,0.0,Likely,1636.3636363636363,4.752e+24,False,False,False,False,False,False,366005.0,7027917.0,219100.0,2423109.0,2,585105.0,9451026.0,1111.0,True,True,B,MoE 22B active / 235B total
gemma-3-270m,google/gemma-3-270m,Gemma-3,Google,Google DeepMind,United States of America,2025-08-14 00:00:00,Epoch publication date,True,dense,False,268098176.0,268098176.0,268098176.0,HF safetensors (float tensors),,,167772160.0,True,100326016.0,6000000000000.0,"Gemma 3 card: 27B 14T, 12B 12T, 4B 4T, 1B 2T, 270M 6T; distillation for all sizes (Gemma 3 report)",True,,Gemma 3 270M,6000000000000.0,6042562557381.965,0.0,Confident,22379.861323636906,9.651534336e+21,False,True,False,False,False,True,99214.0,17216443.0,73826.0,3095198.0,1,173040.0,20311641.0,1102.0,True,True,B,
gemma-3-1b-pt,google/gemma-3-1b-pt,Gemma-3,Google,,,2025-03-12 00:00:00,release date (developer announcement),True,dense,False,999885952.0,999885952.0,999885952.0,HF safetensors (float tensors),,,301989888.0,True,697896064.0,2000000000000.0,"Gemma 3 card: 27B 14T, 12B 12T, 4B 4T, 1B 2T, 270M 6T; distillation for all sizes (Gemma 3 report)",True,,,,,,,2000.2281220168597,1.1998631424e+22,False,True,False,False,False,True,71851.0,1361939.0,3248591.0,51982563.0,1,3320442.0,53344502.0,204.0,True,False,B,
gemma-3-4b-pt,google/gemma-3-4b-pt,Gemma-3,Google,,,2025-03-12 00:00:00,release date (developer announcement),True,dense,False,3883079472.0,3883079472.0,3883079472.0,HF safetensors (float tensors),,,671252480.0,True,3211826992.0,4000000000000.0,"Gemma 3 card: 27B 14T, 12B 12T, 4B 4T, 1B 2T, 270M 6T; distillation for all sizes (Gemma 3 report)",True,,,,,,,1030.1102588404608,9.3193907328e+22,False,True,False,False,True,True,109660.0,2368217.0,1705741.0,26394171.0,1,1815401.0,28762388.0,168.0,True,False,B,
gemma-3-12b-pt,google/gemma-3-12b-pt,Gemma-3,Google,,,2025-03-12 00:00:00,release date (developer announcement),True,dense,False,11770325040.0,11770325040.0,11770325040.0,HF safetensors (float tensors),,,1006878720.0,True,10763446320.0,12000000000000.0,"Gemma 3 card: 27B 14T, 12B 12T, 4B 4T, 1B 2T, 270M 6T; distillation for all sizes (Gemma 3 report)",True,,,,,,,1019.5130516123793,8.4746340288e+23,False,True,False,False,True,True,33941.0,960617.0,593713.0,22900512.0,1,627654.0,23861129.0,94.0,True,False,B,
gemma-3-27b-pt,google/gemma-3-27b-pt,Gemma-3,Google,,,2025-03-12 00:00:00,release date (developer announcement),True,dense,False,27015406640.0,27015406640.0,27015406640.0,HF safetensors (float tensors),,,1409630208.0,True,25605776432.0,14000000000000.0,"Gemma 3 card: 27B 14T, 12B 12T, 4B 4T, 1B 2T, 270M 6T; distillation for all sizes (Gemma 3 report)",True,,,,,,,518.2228121368007,2.26929415776e+24,False,True,False,False,True,True,12362.0,326653.0,387297.0,17168667.0,1,399659.0,17495320.0,125.0,True,False,B,
OLMo-2-0425-1B,allenai/OLMo-2-0425-1B,OLMo-2,AI2,,,2025-04-17 22:45:45,HF upload date,True,dense,False,1484916736.0,1484916736.0,1484916736.0,HF safetensors (float tensors),,,411041792.0,False,1073874944.0,4050000000000.0,card: stage 1 4T + stage 2 50B,True,,,,,,,2727.4256541209866,3.60834766848e+22,False,False,False,False,False,True,790638.0,6987741.0,73217.0,784908.0,1,863855.0,7772649.0,82.0,True,False,B,
OLMo-2-1124-7B,allenai/OLMo-2-1124-7B,OLMo-2,AI2,"Allen Institute for AI,University of Washington,New York University (NYU)","United States of America,United States of America,United States of America",2024-12-31 00:00:00,Epoch publication date,True,dense,False,7298617344.0,7298617344.0,7298617344.0,HF safetensors (float tensors),,,822083584.0,False,6476533760.0,4050000000000.0,card: stage 1 4T + stage 2 50B (3-run soup),True,,OLMo 2 Furious 7B,,4110367564983.004,,Confident,554.8996212727055,1.773564014592e+23,False,False,False,False,False,True,72492.0,1503098.0,37422.0,598618.0,1,109914.0,2101716.0,70.0,True,True,B,
OLMo-2-1124-13B,allenai/OLMo-2-1124-13B,OLMo-2,AI2,"Allen Institute for AI,University of Washington,New York University (NYU)","United States of America,United States of America,United States of America",2024-12-31 00:00:00,Epoch publication date,True,dense,False,13716198400.0,13716198400.0,13716198400.0,HF safetensors (float tensors),,,1027604480.0,False,12688593920.0,5150000000000.0,card: stage 1 5T (1.2 epochs) + stage 2 100B x3 / 300B x1 soup (mean 150B),True,,OLMo 2 Furious 13B,,5589498229091.428,,Confident,375.46846799766325,4.2383053056e+23,False,False,False,False,False,True,9636.0,282605.0,16307.0,237725.0,1,25943.0,520330.0,69.0,True,True,B,
OLMo-2-0325-32B,allenai/OLMo-2-0325-32B,OLMo-2,AI2,Allen Institute for AI,United States of America,2025-03-13 00:00:00,Epoch publication date,True,dense,False,32234279936.0,32234279936.0,32234279936.0,HF safetensors (float tensors),,,1027604480.0,False,31206675456.0,6150000000000.0,card: stage 1 6T (1.5 epochs) + stage 2 100B x3 / 300B x1 soup (mean 150B),True,,OLMo 2 32B,6000000000000.0,6721622666827.07,0.010723865391773066,Confident,190.79067415839916,1.1894449296384e+24,False,False,False,False,False,True,7240.0,319578.0,94790.0,258859.0,1,102030.0,578437.0,66.0,True,True,B,
OLMoE-1B-7B-0924,allenai/OLMoE-1B-7B-0924,OLMoE,AI2,"Allen Institute for AI,Contextual AI,University of Washington,Princeton University","United States of America,United States of America,United States of America,United States of America",2024-09-03 00:00:00,Epoch publication date,True,moe,True,6919161856.0,1300000000.0,1300000000.0,HF safetensors (float tensors),,,206045184.0,False,,5130000000000.0,"card: 5,033B pretraining + 100B annealing",True,,OLMoE,,6633539489102.564,,Confident,3946.153846153846,4.0014e+22,False,False,False,False,False,True,126299.0,1607206.0,17941.0,486896.0,1,144240.0,2094102.0,153.0,True,True,B,MoE 1.3B active / 6.9B total
Olmo-3-1025-7B,allenai/Olmo-3-1025-7B,Olmo-3,AI2,,,2025-09-12 19:24:57,HF upload date,True,dense,False,7298011136.0,7298011136.0,7298011136.0,HF safetensors (float tensors),,,821477376.0,False,6476533760.0,6030000000000.0,card: stage 1 5.93T + stage 2 100B,True,,,,,,,826.2525073790187,2.6404204290048e+23,False,False,False,False,False,True,112370.0,1155873.0,406145.0,3440657.0,2,518515.0,4596530.0,88.0,True,False,B,
Olmo-3-1125-32B,allenai/Olmo-3-1125-32B,Olmo-3,AI2,Allen Institute for AI,United States of America,2025-11-20 00:00:00,Epoch publication date,True,dense,False,32233522176.0,32233522176.0,32233522176.0,HF safetensors (float tensors),,,1026846720.0,False,31206675456.0,5600000000000.0,card: stage 1 5.50T + stage 2 100B,True,,Olmo 3,5500000000000.0,5687660576846.212,0.007825337511956526,Confident,173.73217762002974,1.0830463451136e+24,False,False,False,False,False,True,35171.0,298651.0,25989.0,327760.0,2,61160.0,626411.0,127.0,True,True,B,
SmolLM2-135M,HuggingFaceTB/SmolLM2-135M,SmolLM2,Hugging Face,,,2024-10-31 00:46:04,HF upload date,True,dense,False,134515008.0,134515008.0,134515008.0,HF safetensors (float tensors),,,28311552.0,True,106203456.0,2000000000000.0,card: 2T,True,,,,,,,14868.229424630446,1.614180096e+21,False,False,True,False,False,True,1838046.0,20793714.0,1647324.0,15644882.0,1,3485370.0,36438596.0,235.0,True,False,B,
SmolLM2-360M,HuggingFaceTB/SmolLM2-360M,SmolLM2,Hugging Face,,,2024-10-31 00:43:11,HF upload date,True,dense,False,361821120.0,361821120.0,361821120.0,HF safetensors (float tensors),,,47185920.0,True,314635200.0,4000000000000.0,card: 4T,True,,,,,,,11055.186607127853,8.68370688e+21,False,False,True,False,False,True,576019.0,2194282.0,306926.0,7740819.0,1,882945.0,9935101.0,133.0,True,False,B,
SmolLM2-1.7B,HuggingFaceTB/SmolLM2-1.7B,SmolLM2,Hugging Face,,,2024-10-30 22:50:10,HF upload date,True,dense,False,1711376384.0,1711376384.0,1711376384.0,HF safetensors (float tensors),,,100663296.0,True,1610713088.0,11000000000000.0,card: 11T,True,,,,,,,6427.574964128989,1.12950841344e+23,False,False,True,False,False,True,243327.0,1591445.0,251857.0,2943823.0,1,495184.0,4535268.0,160.0,True,False,B,
SmolLM3-3B-Base,HuggingFaceTB/SmolLM3-3B-Base,SmolLM3,Hugging Face,,,2025-06-19 11:33:11,HF upload date,True,dense,False,3075098624.0,3075098624.0,3075098624.0,HF safetensors (float tensors),,,262668288.0,True,2812430336.0,11200000000000.0,card: 11.2T,True,,,,,,,3642.1596083417194,2.066466275328e+23,False,False,True,False,False,True,625491.0,1923220.0,617517.0,5840915.0,1,1243008.0,7764135.0,174.0,True,False,B,
Phi-3-mini-4k-instruct,microsoft/Phi-3-mini-4k-instruct,Phi-3,Microsoft,Microsoft,United States of America,2024-04-23 00:00:00,Epoch publication date,True,dense,False,3821079552.0,3821079552.0,3821079552.0,HF safetensors (float tensors),,,197001216.0,False,3624078336.0,4900000000000.0,card (June 2024 update): 4.9T,True,,phi-3-mini 3.8B,3300000000000.0,3281795060622.7,0.1716821401506262,Confident,1282.360111407594,1.123397388288e+23,False,False,True,False,False,False,346393.0,31396866.0,0.0,0.0,0,346393.0,31396866.0,1465.0,True,True,B,
Phi-3-small-8k-instruct,microsoft/Phi-3-small-8k-instruct,Phi-3,Microsoft,Microsoft,United States of America,2024-04-23 00:00:00,Epoch publication date,True,dense,False,7392274432.0,7392274432.0,7392274432.0,HF safetensors (float tensors),,,411041792.0,True,6981232640.0,4800000000000.0,card: 4.8T,True,,phi-3-small 7.4B,4800000000000.0,4805016416360.23,0.0,Confident,649.3265427513825,2.128975036416e+23,False,False,True,False,False,False,22479.0,1124253.0,0.0,0.0,0,22479.0,1124253.0,178.0,True,True,B,
Phi-3-medium-4k-instruct,microsoft/Phi-3-medium-4k-instruct,Phi-3,Microsoft,Microsoft,United States of America,2024-04-23 00:00:00,Epoch publication date,True,dense,False,13960238080.0,13960238080.0,13960238080.0,HF safetensors (float tensors),,,328335360.0,False,13631902720.0,4800000000000.0,card: 4.8T,True,,phi-3-medium 14B,4800000000000.0,4813671487184.265,0.0,Likely,343.8336776560189,4.02054856704e+23,False,False,True,False,False,False,18641.0,966867.0,0.0,0.0,0,18641.0,966867.0,225.0,True,True,B,
Phi-3.5-mini-instruct,microsoft/Phi-3.5-mini-instruct,Phi-3.5,Microsoft,Microsoft,United States of America,2024-04-23 00:00:00,Epoch publication date,True,dense,False,3821079552.0,3821079552.0,3821079552.0,HF safetensors (float tensors),,,197001216.0,False,3624078336.0,3400000000000.0,card: 3.4T,True,,Phi-3.5-mini,,1618266665877.2214,,Confident,889.8008936297592,7.79500228608e+22,False,False,True,False,False,False,363948.0,12739622.0,0.0,0.0,0,363948.0,12739622.0,1087.0,True,True,B,
Phi-3.5-MoE-instruct,microsoft/Phi-3.5-MoE-instruct,Phi-3.5,Microsoft,Microsoft,United States of America,2024-04-23 00:00:00,Epoch publication date,True,moe,True,41873153344.0,6600000000.0,6600000000.0,HF safetensors (float tensors),,,262668288.0,False,,4900000000000.0,card: 4.9T,True,,Phi-3.5-MoE,,7626993939393.939,,Confident,742.4242424242424,1.9404e+23,False,False,True,False,False,False,134886.0,2418875.0,0.0,0.0,0,134886.0,2418875.0,579.0,True,True,B,MoE 6.6B active / 41.9B total
phi-4,microsoft/phi-4,Phi-4,Microsoft,Microsoft Research,United States of America,2024-12-12 00:00:00,Epoch publication date,True,dense,False,14659507200.0,14659507200.0,14659507200.0,HF safetensors (float tensors),,,1027604480.0,False,13631902720.0,9800000000000.0,card: 9.8T,True,,Phi-4,,10596310609040.574,,Confident,668.5081473952959,8.6197902336e+23,False,False,True,False,False,False,624150.0,14410434.0,0.0,0.0,0,624150.0,14410434.0,2309.0,True,True,B,
Phi-4-mini-instruct,microsoft/Phi-4-mini-instruct,Phi-4,Microsoft,Microsoft,United States of America,2025-03-03 00:00:00,Epoch publication date,True,dense,False,3836021760.0,3836021760.0,3836021760.0,HF safetensors (float tensors),,,614596608.0,True,3221425152.0,5000000000000.0,card: 5T,True,,Phi-4 Mini,5000000000000.0,4325731283999.112,0.0,Confident,1303.433690636833,1.150806528e+23,False,False,True,False,False,False,379213.0,9095676.0,0.0,0.0,0,379213.0,9095676.0,840.0,True,True,B,
DeepSeek-V2-Lite,deepseek-ai/DeepSeek-V2-Lite,DeepSeek-V2,DeepSeek,,,2024-05-15 05:31:53,HF upload date,True,moe,True,15706484224.0,2400000000.0,2400000000.0,HF safetensors (float tensors),,,419430400.0,False,,5700000000000.0,card: 5.7T,True,,,,,,,2375.0,8.208e+22,False,False,False,False,False,True,262175.0,5273353.0,143537.0,7975744.0,1,405712.0,13249097.0,190.0,True,False,B,MoE 2.4B active / 15.7B total
DeepSeek-V3-Base,deepseek-ai/DeepSeek-V3-Base,DeepSeek-V3,DeepSeek,DeepSeek,China,2024-12-24 00:00:00,Epoch publication date,True,moe,True,684531386000.0,37000000000.0,37000000000.0,HF safetensors (float tensors),,,1853358080.0,False,,14800000000000.0,card: 14.8T,True,,DeepSeek-V3,14800000000000.0,14864864864864.865,0.0,Confident,400.0,3.2856e+24,False,False,False,False,False,True,2575.0,1161581.0,3323710.0,96573204.0,4,3326285.0,97734785.0,1706.0,True,True,B,MoE 37B active / 671B total
Kimi-K2-Base,moonshotai/Kimi-K2-Base,Kimi-K2,Moonshot,Moonshot,China,2025-07-11 00:00:00,Epoch publication date,True,moe,True,1026470731056.0,32000000000.0,32000000000.0,HF safetensors (float tensors),,,2348810240.0,False,,15500000000000.0,card: 15.5T,True,,Kimi K2,15500000000000.0,15500000000000.0,0.0,Confident,484.375,2.976e+24,False,False,False,False,False,True,12868.0,163127.0,294909.0,9347719.0,2,307777.0,9510846.0,306.0,True,True,B,MoE 32B active / 1.04T total
GLM-4.5-Base,zai-org/GLM-4.5-Base,GLM-4.5,Zhipu,"Z.ai (Zhipu AI),Tsinghua University","China,China",2025-07-28 00:00:00,Epoch publication date,True,moe,True,358337791296.0,32000000000.0,32000000000.0,HF safetensors (float tensors),,,1551892480.0,False,,23000000000000.0,GLM-4.5 report via Epoch (2.31e13),,,GLM-4.5,23100000000000.0,23020833333333.332,-0.0018841438745514144,Confident,718.75,4.416e+24,False,False,False,False,False,True,475.0,11048.0,101274.0,1121306.0,1,101749.0,1132354.0,61.0,True,True,B,MoE 32B active / 355B total; card silent on D
Falcon3-7B-Base,tiiuae/Falcon3-7B-Base,Falcon3,TII,Technology Innovation Institute,United Arab Emirates,2024-12-17 00:00:00,Epoch publication date,True,dense,False,7455550464.0,7455550464.0,7455550464.0,HF safetensors (float tensors),,,805306368.0,False,6650244096.0,14000000000000.0,card: 14 teratokens,True,,Falcon3-7B,14000000000000.0,13144569334377.723,0.0,Confident,1877.7956191968176,6.26266238976e+23,False,False,False,False,False,True,4697.0,159599.0,11853.0,534935.0,1,16550.0,694534.0,40.0,True,True,B,
falcon-11B,tiiuae/falcon-11B,Falcon2,TII,Technology Innovation Institute,United Arab Emirates,2024-05-09 00:00:00,Epoch publication date,True,dense,False,11102822400.0,11102822400.0,11102822400.0,HF safetensors (float tensors),,,532676608.0,False,10570145792.0,5500000000000.0,"Epoch 5.5e12; card: over 5,000B tokens",True,,Falcon 2 11B,5500000000000.0,5404031320900.891,0.0,Confident,495.3695377492483,3.663931392e+23,False,False,False,False,False,True,3115.0,587061.0,0.0,0.0,0,3115.0,587061.0,219.0,True,True,B,
granite-3.0-2b-base,ibm-granite/granite-3.0-2b-base,Granite-3.0,IBM,IBM,United States of America,2024-10-21 00:00:00,Epoch publication date,True,dense,False,2533525504.0,2533525504.0,2533525504.0,HF safetensors (float tensors),,,100663296.0,True,2432862208.0,12000000000000.0,card: 10T + 2T,True,,Granite 3.0 2B,12000000000000.0,11841207026586.143,0.0,Confident,4736.482810634458,1.82413836288e+23,False,False,False,False,False,True,2596.0,90766.0,5218.0,234180.0,1,7814.0,324946.0,25.0,True,True,B,
granite-3.0-8b-base,ibm-granite/granite-3.0-8b-base,Granite-3.0,IBM,IBM,United States of America,2024-10-21 00:00:00,Epoch publication date,True,dense,False,8170835968.0,8170835968.0,8170835968.0,HF safetensors (float tensors),,,201326592.0,True,7969509376.0,12000000000000.0,card: 10T + 2T,True,,Granite 3.0 8B,12000000000000.0,11895967607313.494,0.0,Confident,1468.6379762115425,5.88300189696e+23,False,False,False,False,False,True,8537.0,96628.0,26061.0,1030965.0,1,34598.0,1127593.0,27.0,True,True,B,
Apertus-8B-2509,swiss-ai/Apertus-8B-2509,Apertus,Swiss AI,,,2025-09-02 00:50:39,HF upload date,True,dense,False,8053338176.0,8053338176.0,8053338176.0,HF safetensors (float tensors),,,1073741824.0,False,6979596352.0,15000000000000.0,card: 15T,True,,,,,,,1862.5816614409612,7.2480043584e+23,False,False,False,False,False,True,11607.0,200500.0,477610.0,3882527.0,1,489217.0,4083027.0,172.0,True,False,B,
Apertus-70B-2509,swiss-ai/Apertus-70B-2509,Apertus,Swiss AI,"ETH Zurich,Ecole Polytechnique F´ed´erale de Lausanne (EPFL),Swiss National Supercomputing Centre (CSCS),Swisscom","Switzerland,Switzerland,Switzerland,Switzerland",2025-09-02 00:00:00,Epoch publication date,True,dense,False,70599864480.0,70599864480.0,70599864480.0,HF safetensors (float tensors),,,2147483648.0,False,68452380832.0,15000000000000.0,card: 15T,True,,Apertus 70B,15000000000000.0,15911267558474.686,0.0,Confident,212.46499707162045,6.3539878032e+24,False,False,False,False,False,True,74972.0,110240.0,22149.0,415956.0,1,97121.0,526196.0,159.0,True,True,B,
marin-8b-base,marin-community/marin-8b-base,Marin,Marin,Marin,United States of America,2025-05-19 00:00:00,Epoch publication date,True,dense,False,8030261248.0,8030261248.0,8030261248.0,HF safetensors (float tensors),,,1050673152.0,False,6979588096.0,12700000000000.0,card: 12.7T,True,,Marin 8B,,12701952881720.244,,Confident,1581.5176627239912,6.119059070976e+23,False,False,False,False,False,True,3311.0,59251.0,463.0,26999.0,1,3774.0,86250.0,17.0,True,True,B,
DCLM-7B,apple/DCLM-7B,DCLM,Apple,Apple,United States of America,2024-07-20 00:00:00,Epoch publication date,True,dense,False,6889674752.0,6889674752.0,6889674752.0,HF safetensors (float tensors),,,,,,2500000000000.0,card: 2.5T,True,,DCLM 7B,2500000000000.0,2540032821566.785,0.0,Confident,362.8618316523979,1.0334512128e+23,False,False,False,False,False,True,343.0,27520.0,0.0,0.0,0,343.0,27520.0,834.0,True,True,B,
neo_7b,m-a-p/neo_7b,MAP-Neo,M-A-P,"University of Waterloo,01.AI,Wuhan University","Canada,China,China",2024-07-10 00:00:00,Epoch publication date,True,dense,False,7793716224.0,7793716224.0,7793716224.0,HF safetensors (float tensors),,,394788864.0,False,7398927360.0,4420000000000.0,card: 3.7T + 720B decay,True,,MAP-Neo,4500000000000.0,4041717595901.0127,-0.007790244426251788,Confident,567.1235483772215,2.0668935426048e+23,False,False,False,False,False,True,400.0,4620.0,0.0,0.0,0,400.0,4620.0,58.0,True,True,B,
K2,LLM360/K2,LLM360-K2,LLM360,,,2024-04-17 18:50:01,HF upload date,True,dense,False,65286184960.0,65286184960.0,65286184960.0,HF safetensors (float tensors),,,524812288.0,False,64761372672.0,1400000000000.0,card: 1.4T,True,,,,,,,21.444046713064363,5.48403953664e+23,False,False,False,False,False,True,681.0,21931.0,227.0,21800.0,1,908.0,43731.0,103.0,True,False,B,
stablelm-3b-4e1t,stabilityai/stablelm-3b-4e1t,StableLM-3B-4E1T,Stability AI,Stability AI,United Kingdom,2023-09-29 00:00:00,Epoch publication date,True,dense,False,2795443200.0,2795443200.0,2795443200.0,HF safetensors (float tensors),,,257556480.0,False,2537886720.0,4000000000000.0,card: 1T tokens x 4 epochs,True,,StableLM-3B-4E1T,4000000000000.0,3702454050935.4653,0.0,Confident,1430.9001163035614,6.70906368e+22,False,False,False,False,False,True,43676.0,1039646.0,0.0,0.0,0,43676.0,1039646.0,316.0,True,True,B,
